region,year,month,conflict_events,fatalities_total,flood_displace_events,conflict_events_lag1,flood_displace_lag1,high_conflict_flag
Ashanti,2003,3,4,1,0,0.0,0.0,1
Ashanti,2003,4,1,0,1,4.0,0.0,0
Ashanti,2003,5,1,0,1,1.0,1.0,0
Ashanti,2003,6,2,0,0,1.0,1.0,0
Ashanti,2003,7,1,0,0,2.0,0.0,0
Ashanti,2003,8,4,0,1,1.0,0.0,1
Ashanti,2003,9,2,1,0,4.0,1.0,0
Ashanti,2003,10,4,2,0,2.0,0.0,1
Ashanti,2003,11,2,0,0,4.0,0.0,0
Ashanti,2003,12,1,0,0,2.0,0.0,0
Ashanti,2004,2,1,5,0,1.0,0.0,0
Ashanti,2004,3,2,2,0,1.0,0.0,0
Ashanti,2004,4,2,1,0,2.0,0.0,0
Ashanti,2004,5,1,1,0,2.0,0.0,0
Ashanti,2004,8,1,0,0,1.0,0.0,0
Ashanti,2004,9,1,0,0,1.0,0.0,0
Ashanti,2004,10,2,0,0,1.0,0.0,0
Ashanti,2004,11,1,1,0,2.0,0.0,0
Ashanti,2004,12,2,1,0,1.0,0.0,0
Ashanti,2005,1,4,9,1,2.0,0.0,1
Ashanti,2005,2,1,0,1,4.0,1.0,0
Ashanti,2005,5,1,0,0,1.0,1.0,0
Ashanti,2005,6,1,0,0,1.0,0.0,0
Ashanti,2005,7,2,0,1,1.0,0.0,0
Ashanti,2005,8,3,2,1,2.0,1.0,1
Ashanti,2005,9,1,0,0,3.0,1.0,0
Ashanti,2005,11,2,0,1,1.0,0.0,0
Ashanti,2005,12,3,2,0,2.0,1.0,1
Ashanti,2006,1,1,0,0,3.0,0.0,0
Ashanti,2006,4,1,0,1,1.0,0.0,0
Ashanti,2006,5,2,0,0,1.0,1.0,0
Ashanti,2006,6,1,0,0,2.0,0.0,0
Ashanti,2006,7,4,0,1,1.0,0.0,1
Ashanti,2006,8,2,3,0,4.0,1.0,0
Ashanti,2006,11,2,0,1,2.0,0.0,0
Ashanti,2007,1,2,1,0,2.0,1.0,0
Ashanti,2007,3,2,0,0,2.0,0.0,0
Ashanti,2007,5,2,0,0,2.0,0.0,0
Ashanti,2007,6,4,2,0,2.0,0.0,1
Ashanti,2007,8,2,5,1,4.0,0.0,0
Ashanti,2007,10,4,2,1,2.0,1.0,1
Ashanti,2008,1,4,1,0,4.0,1.0,1
Ashanti,2008,2,5,2,1,4.0,0.0,1
Ashanti,2008,3,2,2,0,5.0,1.0,0
Ashanti,2008,4,3,0,0,2.0,0.0,1
Ashanti,2008,5,1,1,0,3.0,0.0,0
Ashanti,2008,6,3,0,0,1.0,0.0,1
Ashanti,2008,7,4,0,1,3.0,0.0,1
Ashanti,2008,9,4,1,1,4.0,1.0,1
Ashanti,2008,10,5,0,0,4.0,1.0,1
Ashanti,2008,11,3,2,0,5.0,0.0,1
Ashanti,2008,12,5,1,2,3.0,0.0,1
Ashanti,2009,1,1,1,0,5.0,2.0,0
Ashanti,2009,2,2,0,0,1.0,0.0,0
Ashanti,2009,4,3,2,0,2.0,0.0,1
Ashanti,2009,5,1,0,0,3.0,0.0,0
Ashanti,2009,7,1,0,0,1.0,0.0,0
Ashanti,2009,9,1,0,0,1.0,0.0,0
Ashanti,2009,10,4,3,0,1.0,0.0,1
Ashanti,2009,11,1,0,0,4.0,0.0,0
Ashanti,2009,12,1,0,0,1.0,0.0,0
Ashanti,2010,1,3,0,0,1.0,0.0,1
Ashanti,2010,2,2,4,0,3.0,0.0,0
Ashanti,2010,3,1,0,0,2.0,0.0,0
Ashanti,2010,5,1,0,0,1.0,0.0,0
Ashanti,2010,6,3,0,0,1.0,0.0,1
Ashanti,2010,7,2,0,0,3.0,0.0,0
Ashanti,2010,8,3,5,0,2.0,0.0,1
Ashanti,2010,9,1,1,0,3.0,0.0,0
Ashanti,2010,10,2,0,0,1.0,0.0,0
Ashanti,2010,11,1,0,0,2.0,0.0,0
Ashanti,2010,12,2,2,0,1.0,0.0,0
Ashanti,2011,2,2,0,0,2.0,0.0,0
Ashanti,2011,3,2,3,0,2.0,0.0,0
Ashanti,2011,4,1,0,1,2.0,0.0,0
Ashanti,2011,5,1,0,1,1.0,1.0,0
Ashanti,2011,6,5,3,1,1.0,1.0,1
Ashanti,2011,7,1,0,0,5.0,1.0,0
Ashanti,2011,8,2,0,0,1.0,0.0,0
Ashanti,2011,9,1,1,0,2.0,0.0,0
Ashanti,2011,11,2,0,1,1.0,0.0,0
Ashanti,2012,1,1,1,0,2.0,1.0,0
Ashanti,2012,2,2,4,0,1.0,0.0,0
Ashanti,2012,3,3,1,0,2.0,0.0,1
Ashanti,2012,4,1,0,1,3.0,0.0,0
Ashanti,2012,5,4,3,1,1.0,1.0,1
Ashanti,2012,6,4,0,0,4.0,1.0,1
Ashanti,2012,7,2,0,0,4.0,0.0,0
Ashanti,2012,8,7,2,1,2.0,0.0,1
Ashanti,2012,9,1,2,0,7.0,1.0,0
Ashanti,2012,10,3,0,1,1.0,0.0,1
Ashanti,2012,11,6,4,1,3.0,1.0,1
Ashanti,2012,12,2,0,1,6.0,1.0,0
Ashanti,2013,1,1,0,0,2.0,1.0,0
Ashanti,2013,3,3,2,0,1.0,0.0,1
Ashanti,2013,4,2,1,1,3.0,0.0,0
Ashanti,2013,5,1,0,0,2.0,1.0,0
Ashanti,2013,6,3,1,1,1.0,0.0,1
Ashanti,2013,7,3,0,1,3.0,1.0,1
Ashanti,2013,8,1,0,0,3.0,1.0,0
Ashanti,2013,9,1,0,1,1.0,0.0,0
Ashanti,2013,11,2,0,1,1.0,1.0,0
Ashanti,2013,12,1,0,0,2.0,1.0,0
Ashanti,2014,4,1,0,0,1.0,0.0,0
Ashanti,2014,5,3,0,1,1.0,0.0,1
Ashanti,2014,6,3,0,0,3.0,1.0,1
Ashanti,2014,7,1,0,0,3.0,0.0,0
Ashanti,2014,8,1,0,0,1.0,0.0,0
Ashanti,2014,9,1,1,0,1.0,0.0,0
Ashanti,2014,10,2,1,0,1.0,0.0,0
Ashanti,2014,12,1,0,0,2.0,0.0,0
Ashanti,2015,1,1,0,0,1.0,0.0,0
Ashanti,2015,2,1,3,0,1.0,0.0,0
Ashanti,2015,4,1,0,0,1.0,0.0,0
Ashanti,2015,5,4,1,1,1.0,0.0,1
Ashanti,2015,6,2,0,2,4.0,1.0,0
Ashanti,2015,8,1,0,1,2.0,2.0,0
Ashanti,2015,10,1,0,0,1.0,1.0,0
Ashanti,2015,11,2,1,0,1.0,0.0,0
Ashanti,2015,12,5,0,2,2.0,0.0,1
Ashanti,2016,1,4,1,0,5.0,2.0,1
Ashanti,2016,2,3,0,1,4.0,0.0,1
Ashanti,2016,3,2,3,0,3.0,1.0,0
Ashanti,2016,4,5,0,0,2.0,0.0,1
Ashanti,2016,5,5,5,0,5.0,0.0,1
Ashanti,2016,6,1,0,0,5.0,0.0,0
Ashanti,2016,7,4,0,1,1.0,0.0,1
Ashanti,2016,11,2,1,0,4.0,1.0,0
Ashanti,2016,12,5,2,3,2.0,0.0,1
Ashanti,2017,1,1,0,0,5.0,3.0,0
Ashanti,2017,2,2,0,0,1.0,0.0,0
Ashanti,2017,5,2,4,0,2.0,0.0,0
Ashanti,2017,6,1,1,0,2.0,0.0,0
Ashanti,2017,7,1,1,0,1.0,0.0,0
Ashanti,2017,8,2,0,0,1.0,0.0,0
Ashanti,2017,9,1,0,0,2.0,0.0,0
Ashanti,2017,10,2,2,0,1.0,0.0,0
Ashanti,2017,11,1,0,0,2.0,0.0,0
Ashanti,2017,12,2,0,0,1.0,0.0,0
Ashanti,2018,1,2,3,0,2.0,0.0,0
Ashanti,2018,2,1,2,0,2.0,0.0,0
Ashanti,2018,4,2,0,0,1.0,0.0,0
Ashanti,2018,5,2,1,0,2.0,0.0,0
Ashanti,2018,7,1,0,0,2.0,0.0,0
Ashanti,2018,8,1,0,1,1.0,0.0,0
Ashanti,2018,9,1,0,0,1.0,1.0,0
Ashanti,2018,10,2,1,0,1.0,0.0,0
Ashanti,2018,11,2,0,1,2.0,0.0,0
Ashanti,2018,12,1,1,0,2.0,1.0,0
Ashanti,2019,1,4,0,2,1.0,0.0,1
Ashanti,2019,2,2,1,0,4.0,2.0,0
Ashanti,2019,3,1,1,0,2.0,0.0,0
Ashanti,2019,5,3,2,1,1.0,0.0,1
Ashanti,2019,6,1,0,0,3.0,1.0,0
Ashanti,2019,7,1,0,0,1.0,0.0,0
Ashanti,2019,8,2,4,1,1.0,0.0,0
Ashanti,2019,9,1,0,1,2.0,1.0,0
Ashanti,2019,10,2,3,0,1.0,1.0,0
Ashanti,2019,11,3,0,0,2.0,0.0,1
Ashanti,2020,1,8,0,2,3.0,0.0,1
Ashanti,2020,2,1,0,0,8.0,2.0,0
Ashanti,2020,3,2,0,0,1.0,0.0,0
Ashanti,2020,4,1,0,1,2.0,0.0,0
Ashanti,2020,5,3,0,0,1.0,1.0,1
Ashanti,2020,6,1,0,0,3.0,0.0,0
Ashanti,2020,7,1,0,0,1.0,0.0,0
Ashanti,2020,8,1,0,0,1.0,0.0,0
Ashanti,2020,9,2,0,0,1.0,0.0,0
Ashanti,2020,10,4,1,1,2.0,0.0,1
Ashanti,2020,11,2,0,0,4.0,1.0,0
Ashanti,2020,12,4,2,1,2.0,0.0,1
Ashanti,2021,2,2,1,0,4.0,1.0,0
Ashanti,2021,3,1,1,0,2.0,0.0,0
Ashanti,2021,5,1,1,0,1.0,0.0,0
Ashanti,2021,7,1,0,0,1.0,0.0,0
Ashanti,2021,8,1,0,0,1.0,0.0,0
Ashanti,2021,10,2,4,0,1.0,0.0,0
Ashanti,2021,11,1,0,1,2.0,0.0,0
Ashanti,2021,12,1,0,0,1.0,1.0,0
Ashanti,2022,1,3,0,0,1.0,0.0,1
Ashanti,2022,2,2,2,0,3.0,0.0,0
Ashanti,2022,3,1,0,0,2.0,0.0,0
Ashanti,2022,4,3,3,0,1.0,0.0,1
Ashanti,2022,5,2,3,0,3.0,0.0,0
Ashanti,2022,7,1,2,0,2.0,0.0,0
Ashanti,2022,8,3,0,0,1.0,0.0,1
Ashanti,2022,9,4,1,1,3.0,0.0,1
Ashanti,2022,10,2,0,1,4.0,1.0,0
Ashanti,2022,11,3,1,0,2.0,1.0,1
Ashanti,2022,12,3,1,0,3.0,0.0,1
Ashanti,2023,1,4,0,1,3.0,0.0,1
Ashanti,2023,2,4,3,0,4.0,1.0,1
Ashanti,2023,3,5,2,0,4.0,0.0,1
Ashanti,2023,4,2,0,0,5.0,0.0,0
Ashanti,2023,5,2,0,1,2.0,0.0,0
Ashanti,2023,6,3,0,0,2.0,1.0,1
Ashanti,2023,7,2,0,1,3.0,0.0,0
Ashanti,2023,8,3,2,0,2.0,1.0,1
Ashanti,2023,9,4,0,0,3.0,0.0,1
Ashanti,2023,10,4,1,0,4.0,0.0,1
Ashanti,2023,11,3,2,1,4.0,0.0,1
Ashanti,2023,12,3,0,0,3.0,1.0,1
Ashanti,2024,1,1,0,0,3.0,0.0,0
Ashanti,2024,2,1,0,0,1.0,0.0,0
Ashanti,2024,3,1,1,0,1.0,0.0,0
Ashanti,2024,4,2,0,0,1.0,0.0,0
Ashanti,2024,5,1,0,0,2.0,0.0,0
Ashanti,2024,6,1,0,0,1.0,0.0,0
Ashanti,2024,10,2,0,1,1.0,0.0,0
Ashanti,2024,12,2,0,1,2.0,1.0,0
Bono,2003,1,1,0,0,0.0,0.0,0
Bono,2003,2,1,3,0,1.0,0.0,0
Bono,2003,3,3,2,0,1.0,0.0,1
Bono,2003,4,2,0,1,3.0,0.0,0
Bono,2003,5,1,0,0,2.0,1.0,0
Bono,2003,7,1,0,0,1.0,0.0,0
Bono,2003,9,3,3,1,1.0,0.0,1
Bono,2003,12,3,1,0,3.0,1.0,1
Bono,2004,1,1,0,0,3.0,0.0,0
Bono,2004,2,1,0,0,1.0,0.0,0
Bono,2004,3,1,1,0,1.0,0.0,0
Bono,2004,4,2,0,0,1.0,0.0,0
Bono,2004,7,2,1,0,2.0,0.0,0
Bono,2004,8,2,0,1,2.0,0.0,0
Bono,2004,10,1,1,0,2.0,1.0,0
Bono,2004,12,2,4,0,1.0,0.0,0
Bono,2005,1,1,4,0,2.0,0.0,0
Bono,2005,2,2,0,0,1.0,0.0,0
Bono,2005,3,2,0,0,2.0,0.0,0
Bono,2005,4,1,2,0,2.0,0.0,0
Bono,2005,5,2,5,0,1.0,0.0,0
Bono,2005,6,3,2,0,2.0,0.0,1
Bono,2005,7,2,0,0,3.0,0.0,0
Bono,2005,8,1,0,0,2.0,0.0,0
Bono,2005,9,1,0,0,1.0,0.0,0
Bono,2005,10,2,3,0,1.0,0.0,0
Bono,2005,11,3,1,1,2.0,0.0,1
Bono,2005,12,2,0,0,3.0,1.0,0
Bono,2006,1,1,0,0,2.0,0.0,0
Bono,2006,2,2,1,1,1.0,0.0,0
Bono,2006,4,1,0,0,2.0,1.0,0
Bono,2006,5,2,1,0,1.0,0.0,0
Bono,2006,6,1,0,0,2.0,0.0,0
Bono,2006,7,1,0,0,1.0,0.0,0
Bono,2006,9,1,0,0,1.0,0.0,0
Bono,2006,10,3,3,0,1.0,0.0,1
Bono,2006,12,2,4,0,3.0,0.0,0
Bono,2007,1,3,2,1,2.0,0.0,1
Bono,2007,2,2,1,0,3.0,1.0,0
Bono,2007,3,2,1,0,2.0,0.0,0
Bono,2007,4,1,0,0,2.0,0.0,0
Bono,2007,5,2,0,0,1.0,0.0,0
Bono,2007,6,2,0,0,2.0,0.0,0
Bono,2007,7,4,3,1,2.0,0.0,1
Bono,2007,8,1,0,0,4.0,1.0,0
Bono,2007,9,1,0,0,1.0,0.0,0
Bono,2007,10,2,0,0,1.0,0.0,0
Bono,2007,11,1,0,0,2.0,0.0,0
Bono,2007,12,2,1,0,1.0,0.0,0
Bono,2008,1,2,0,0,2.0,0.0,0
Bono,2008,2,4,6,0,2.0,0.0,1
Bono,2008,3,6,5,0,4.0,0.0,1
Bono,2008,4,7,0,2,6.0,0.0,1
Bono,2008,5,1,2,0,7.0,2.0,0
Bono,2008,6,2,6,0,1.0,0.0,0
Bono,2008,7,2,0,0,2.0,0.0,0
Bono,2008,8,3,2,0,2.0,0.0,1
Bono,2008,9,4,0,0,3.0,0.0,1
Bono,2008,10,4,0,0,4.0,0.0,1
Bono,2008,11,4,3,0,4.0,0.0,1
Bono,2008,12,6,2,0,4.0,0.0,1
Bono,2009,1,1,0,0,6.0,0.0,0
Bono,2009,2,3,0,0,1.0,0.0,1
Bono,2009,3,1,0,1,3.0,0.0,0
Bono,2009,4,2,3,1,1.0,1.0,0
Bono,2009,8,1,3,0,2.0,1.0,0
Bono,2009,9,1,0,0,1.0,0.0,0
Bono,2009,10,1,0,0,1.0,0.0,0
Bono,2009,11,3,3,0,1.0,0.0,1
Bono,2009,12,2,3,0,3.0,0.0,0
Bono,2010,1,1,0,0,2.0,0.0,0
Bono,2010,2,1,0,0,1.0,0.0,0
Bono,2010,4,2,0,1,1.0,0.0,0
Bono,2010,5,1,4,0,2.0,1.0,0
Bono,2010,6,1,0,0,1.0,0.0,0
Bono,2010,7,1,0,0,1.0,0.0,0
Bono,2010,8,1,0,0,1.0,0.0,0
Bono,2010,9,1,0,0,1.0,0.0,0
Bono,2010,10,1,0,0,1.0,0.0,0
Bono,2010,11,2,0,0,1.0,0.0,0
Bono,2010,12,2,0,0,2.0,0.0,0
Bono,2011,1,4,0,0,2.0,0.0,1
Bono,2011,2,1,0,0,4.0,0.0,0
Bono,2011,3,1,0,1,1.0,0.0,0
Bono,2011,5,1,0,0,1.0,1.0,0
Bono,2011,6,3,3,0,1.0,0.0,1
Bono,2011,7,2,0,0,3.0,0.0,0
Bono,2011,9,2,0,0,2.0,0.0,0
Bono,2011,10,1,0,0,2.0,0.0,0
Bono,2011,11,1,0,0,1.0,0.0,0
Bono,2012,1,1,0,0,1.0,0.0,0
Bono,2012,2,1,0,0,1.0,0.0,0
Bono,2012,3,2,2,1,1.0,0.0,0
Bono,2012,4,3,3,0,2.0,1.0,1
Bono,2012,5,2,0,0,3.0,0.0,0
Bono,2012,6,3,2,1,2.0,0.0,1
Bono,2012,7,3,3,0,3.0,1.0,1
Bono,2012,8,4,0,0,3.0,0.0,1
Bono,2012,10,2,0,0,4.0,0.0,0
Bono,2012,11,4,0,0,2.0,0.0,1
Bono,2012,12,4,6,1,4.0,0.0,1
Bono,2013,2,1,0,0,4.0,1.0,0
Bono,2013,3,3,2,0,1.0,0.0,1
Bono,2013,5,2,3,0,3.0,0.0,0
Bono,2013,6,1,0,0,2.0,0.0,0
Bono,2013,7,2,1,0,1.0,0.0,0
Bono,2013,8,3,3,0,2.0,0.0,1
Bono,2013,9,1,0,0,3.0,0.0,0
Bono,2013,10,2,0,0,1.0,0.0,0
Bono,2013,12,4,1,1,2.0,0.0,1
Bono,2014,1,1,0,0,4.0,1.0,0
Bono,2014,4,3,4,1,1.0,0.0,1
Bono,2014,6,1,0,1,3.0,1.0,0
Bono,2014,8,2,0,0,1.0,1.0,0
Bono,2014,11,4,2,0,2.0,0.0,1
Bono,2014,12,3,3,0,4.0,0.0,1
Bono,2015,1,3,2,0,3.0,0.0,1
Bono,2015,3,2,1,0,3.0,0.0,0
Bono,2015,4,1,0,0,2.0,0.0,0
Bono,2015,5,3,1,1,1.0,0.0,1
Bono,2015,9,1,1,0,3.0,1.0,0
Bono,2015,10,2,0,0,1.0,0.0,0
Bono,2015,11,1,1,0,2.0,0.0,0
Bono,2015,12,2,1,0,1.0,0.0,0
Bono,2016,2,4,1,0,2.0,0.0,1
Bono,2016,3,2,3,1,4.0,0.0,0
Bono,2016,4,1,0,1,2.0,1.0,0
Bono,2016,5,3,1,1,1.0,1.0,1
Bono,2016,6,4,0,0,3.0,1.0,1
Bono,2016,7,3,0,0,4.0,0.0,1
Bono,2016,8,1,0,0,3.0,0.0,0
Bono,2016,9,4,0,1,1.0,0.0,1
Bono,2016,10,2,0,0,4.0,1.0,0
Bono,2016,11,4,6,0,2.0,0.0,1
Bono,2016,12,3,0,0,4.0,0.0,1
Bono,2017,1,1,0,0,3.0,0.0,0
Bono,2017,3,2,1,0,1.0,0.0,0
Bono,2017,5,2,3,0,2.0,0.0,0
Bono,2017,6,2,5,0,2.0,0.0,0
Bono,2017,7,2,0,0,2.0,0.0,0
Bono,2017,8,1,0,0,2.0,0.0,0
Bono,2017,9,1,0,0,1.0,0.0,0
Bono,2017,10,1,0,0,1.0,0.0,0
Bono,2017,11,1,0,0,1.0,0.0,0
Bono,2017,12,1,3,0,1.0,0.0,0
Bono,2018,1,2,0,1,1.0,0.0,0
Bono,2018,3,1,0,0,2.0,1.0,0
Bono,2018,4,1,0,0,1.0,0.0,0
Bono,2018,5,1,0,0,1.0,0.0,0
Bono,2018,6,2,1,0,1.0,0.0,0
Bono,2018,7,2,0,1,2.0,0.0,0
Bono,2018,8,2,3,1,2.0,1.0,0
Bono,2018,10,2,1,0,2.0,1.0,0
Bono,2018,11,1,3,0,2.0,0.0,0
Bono,2018,12,2,0,0,1.0,0.0,0
Bono,2019,2,2,0,0,2.0,0.0,0
Bono,2019,3,3,2,1,2.0,0.0,1
Bono,2019,4,2,0,2,3.0,1.0,0
Bono,2019,5,1,1,0,2.0,2.0,0
Bono,2019,6,3,1,0,1.0,0.0,1
Bono,2019,8,1,2,0,3.0,0.0,0
Bono,2019,9,2,0,1,1.0,0.0,0
Bono,2019,10,2,1,0,2.0,1.0,0
Bono,2019,11,2,0,0,2.0,0.0,0
Bono,2019,12,2,4,0,2.0,0.0,0
Bono,2020,1,1,0,0,2.0,0.0,0
Bono,2020,2,6,4,0,1.0,0.0,1
Bono,2020,3,3,0,0,6.0,0.0,1
Bono,2020,4,4,4,0,3.0,0.0,1
Bono,2020,5,3,3,0,4.0,0.0,1
Bono,2020,6,1,3,0,3.0,0.0,0
Bono,2020,7,4,2,0,1.0,0.0,1
Bono,2020,8,1,0,0,4.0,0.0,0
Bono,2020,10,2,2,0,1.0,0.0,0
Bono,2020,11,3,6,0,2.0,0.0,1
Bono,2020,12,1,0,0,3.0,0.0,0
Bono,2021,1,3,0,0,1.0,0.0,1
Bono,2021,2,3,3,0,3.0,0.0,1
Bono,2021,3,3,4,0,3.0,0.0,1
Bono,2021,4,1,0,0,3.0,0.0,0
Bono,2021,5,1,0,0,1.0,0.0,0
Bono,2021,6,1,0,0,1.0,0.0,0
Bono,2021,8,2,1,0,1.0,0.0,0
Bono,2021,9,2,0,0,2.0,0.0,0
Bono,2021,10,1,0,0,2.0,0.0,0
Bono,2021,11,1,0,0,1.0,0.0,0
Bono,2021,12,2,0,1,1.0,0.0,0
Bono,2022,1,3,0,1,2.0,1.0,1
Bono,2022,2,1,0,0,3.0,1.0,0
Bono,2022,3,4,1,1,1.0,0.0,1
Bono,2022,4,3,0,0,4.0,1.0,1
Bono,2022,5,5,4,0,3.0,0.0,1
Bono,2022,6,5,0,0,5.0,0.0,1
Bono,2022,7,1,0,0,5.0,0.0,0
Bono,2022,8,5,2,0,1.0,0.0,1
Bono,2022,9,4,2,0,5.0,0.0,1
Bono,2022,10,1,3,0,4.0,0.0,0
Bono,2022,11,4,0,0,1.0,0.0,1
Bono,2022,12,6,0,0,4.0,0.0,1
Bono,2023,1,6,3,1,6.0,0.0,1
Bono,2023,2,2,0,0,6.0,1.0,0
Bono,2023,3,3,0,0,2.0,0.0,1
Bono,2023,4,5,1,1,3.0,0.0,1
Bono,2023,5,4,1,1,5.0,1.0,1
Bono,2023,7,2,0,0,4.0,1.0,0
Bono,2023,8,7,3,1,2.0,0.0,1
Bono,2023,9,4,0,1,7.0,1.0,1
Bono,2023,10,3,5,1,4.0,1.0,1
Bono,2023,11,6,6,0,3.0,1.0,1
Bono,2023,12,6,5,1,6.0,0.0,1
Bono,2024,1,5,0,0,6.0,1.0,1
Bono,2024,2,2,1,1,5.0,0.0,0
Bono,2024,3,2,0,0,2.0,1.0,0
Bono,2024,4,3,1,0,2.0,0.0,1
Bono,2024,5,1,0,0,3.0,0.0,0
Bono,2024,6,3,2,0,1.0,0.0,1
Bono,2024,8,2,0,0,3.0,0.0,0
Bono,2024,9,1,0,0,2.0,0.0,0
Bono,2024,12,1,0,0,1.0,0.0,0
Central,2003,2,1,0,0,0.0,0.0,0
Central,2003,3,2,0,0,1.0,0.0,0
Central,2003,4,2,0,0,2.0,0.0,0
Central,2003,5,3,0,0,2.0,0.0,1
Central,2003,8,2,3,1,3.0,0.0,0
Central,2003,10,2,1,0,2.0,1.0,0
Central,2003,11,1,2,0,2.0,0.0,0
Central,2004,1,1,0,0,1.0,0.0,0
Central,2004,3,1,0,0,1.0,0.0,0
Central,2004,4,1,0,0,1.0,0.0,0
Central,2004,6,1,0,0,1.0,0.0,0
Central,2004,7,2,0,0,1.0,0.0,0
Central,2004,8,1,0,0,2.0,0.0,0
Central,2004,10,2,0,1,1.0,0.0,0
Central,2004,11,2,0,1,2.0,1.0,0
Central,2004,12,3,0,2,2.0,1.0,1
Central,2005,1,2,0,0,3.0,2.0,0
Central,2005,2,1,0,0,2.0,0.0,0
Central,2005,3,3,1,0,1.0,0.0,1
Central,2005,5,1,0,0,3.0,0.0,0
Central,2005,6,2,0,1,1.0,0.0,0
Central,2005,8,1,0,1,2.0,1.0,0
Central,2005,9,2,0,1,1.0,1.0,0
Central,2005,11,1,0,0,2.0,1.0,0
Central,2005,12,2,0,0,1.0,0.0,0
Central,2006,1,3,2,1,2.0,0.0,1
Central,2006,2,1,0,0,3.0,1.0,0
Central,2006,4,2,3,0,1.0,0.0,0
Central,2006,5,1,0,0,2.0,0.0,0
Central,2006,8,1,0,0,1.0,0.0,0
Central,2006,11,1,0,1,1.0,0.0,0
Central,2007,1,3,3,0,1.0,1.0,1
Central,2007,3,1,0,0,3.0,0.0,0
Central,2007,6,1,0,1,1.0,0.0,0
Central,2007,8,1,0,0,1.0,1.0,0
Central,2007,9,2,0,0,1.0,0.0,0
Central,2007,11,2,0,0,2.0,0.0,0
Central,2007,12,1,0,0,2.0,0.0,0
Central,2008,1,1,0,1,1.0,0.0,0
Central,2008,2,3,0,0,1.0,1.0,1
Central,2008,3,4,1,0,3.0,0.0,1
Central,2008,4,4,1,0,4.0,0.0,1
Central,2008,5,2,4,1,4.0,0.0,0
Central,2008,6,3,0,0,2.0,1.0,1
Central,2008,7,4,6,0,3.0,0.0,1
Central,2008,8,6,6,0,4.0,0.0,1
Central,2008,9,4,1,1,6.0,0.0,1
Central,2008,10,1,0,0,4.0,1.0,0
Central,2008,11,4,0,0,1.0,0.0,1
Central,2008,12,3,2,0,4.0,0.0,1
Central,2009,1,2,1,0,3.0,0.0,0
Central,2009,2,1,4,0,2.0,0.0,0
Central,2009,4,1,0,0,1.0,0.0,0
Central,2009,5,1,0,0,1.0,0.0,0
Central,2009,6,1,0,0,1.0,0.0,0
Central,2009,7,3,5,0,1.0,0.0,1
Central,2009,11,3,3,0,3.0,0.0,1
Central,2009,12,2,0,1,3.0,0.0,0
Central,2010,1,4,2,1,2.0,1.0,1
Central,2010,2,1,0,0,4.0,1.0,0
Central,2010,6,1,0,0,1.0,0.0,0
Central,2010,7,2,0,0,1.0,0.0,0
Central,2010,8,1,0,0,2.0,0.0,0
Central,2010,9,2,0,0,1.0,0.0,0
Central,2010,11,3,1,0,2.0,0.0,1
Central,2010,12,1,3,0,3.0,0.0,0
Central,2011,1,3,0,1,1.0,0.0,1
Central,2011,4,3,2,0,3.0,1.0,1
Central,2011,6,1,0,1,3.0,0.0,0
Central,2011,7,1,2,0,1.0,1.0,0
Central,2011,8,1,0,0,1.0,0.0,0
Central,2011,9,2,0,1,1.0,0.0,0
Central,2011,10,2,3,1,2.0,1.0,0
Central,2011,12,4,1,0,2.0,1.0,1
Central,2012,1,2,0,0,4.0,0.0,0
Central,2012,2,2,0,0,2.0,0.0,0
Central,2012,3,2,0,0,2.0,0.0,0
Central,2012,4,1,0,1,2.0,0.0,0
Central,2012,5,4,5,0,1.0,1.0,1
Central,2012,7,2,3,0,4.0,0.0,0
Central,2012,9,2,0,1,2.0,0.0,0
Central,2012,10,1,0,0,2.0,1.0,0
Central,2012,11,1,0,0,1.0,0.0,0
Central,2012,12,3,0,0,1.0,0.0,1
Central,2013,1,1,0,0,3.0,0.0,0
Central,2013,2,1,2,0,1.0,0.0,0
Central,2013,3,1,0,0,1.0,0.0,0
Central,2013,4,1,0,0,1.0,0.0,0
Central,2013,5,1,1,0,1.0,0.0,0
Central,2013,6,1,2,0,1.0,0.0,0
Central,2013,9,1,0,0,1.0,0.0,0
Central,2013,11,3,4,0,1.0,0.0,1
Central,2013,12,1,0,0,3.0,0.0,0
Central,2014,1,3,0,1,1.0,0.0,1
Central,2014,2,1,2,0,3.0,1.0,0
Central,2014,3,1,0,0,1.0,0.0,0
Central,2014,4,2,0,0,1.0,0.0,0
Central,2014,5,2,0,1,2.0,0.0,0
Central,2014,7,2,3,0,2.0,1.0,0
Central,2014,10,1,0,0,2.0,0.0,0
Central,2014,11,1,0,0,1.0,0.0,0
Central,2014,12,2,0,1,1.0,0.0,0
Central,2015,1,2,3,0,2.0,1.0,0
Central,2015,3,4,1,1,2.0,0.0,1
Central,2015,4,3,0,0,4.0,1.0,1
Central,2015,5,1,0,1,3.0,0.0,0
Central,2015,6,1,0,0,1.0,1.0,0
Central,2015,7,1,0,1,1.0,0.0,0
Central,2015,8,2,2,0,1.0,1.0,0
Central,2015,9,2,0,0,2.0,0.0,0
Central,2015,10,1,0,0,2.0,0.0,0
Central,2015,12,3,2,0,1.0,0.0,1
Central,2016,1,1,0,0,3.0,0.0,0
Central,2016,2,1,0,0,1.0,0.0,0
Central,2016,3,1,0,0,1.0,0.0,0
Central,2016,4,7,1,0,1.0,0.0,1
Central,2016,6,2,5,0,7.0,0.0,0
Central,2016,8,3,0,1,2.0,0.0,1
Central,2016,10,1,1,0,3.0,1.0,0
Central,2016,11,2,0,0,1.0,0.0,0
Central,2016,12,1,2,0,2.0,0.0,0
Central,2017,1,2,3,0,1.0,0.0,0
Central,2017,3,4,2,0,2.0,0.0,1
Central,2017,4,2,3,0,4.0,0.0,0
Central,2017,5,3,3,0,2.0,0.0,1
Central,2017,6,1,0,0,3.0,0.0,0
Central,2017,7,2,0,0,1.0,0.0,0
Central,2017,9,2,0,0,2.0,0.0,0
Central,2017,10,3,5,0,2.0,0.0,1
Central,2017,11,1,1,0,3.0,0.0,0
Central,2017,12,1,0,1,1.0,0.0,0
Central,2018,1,1,0,0,1.0,1.0,0
Central,2018,2,1,0,0,1.0,0.0,0
Central,2018,3,2,0,0,1.0,0.0,0
Central,2018,4,2,1,0,2.0,0.0,0
Central,2018,5,3,5,0,2.0,0.0,1
Central,2018,6,3,2,0,3.0,0.0,1
Central,2018,7,2,0,0,3.0,0.0,0
Central,2018,8,1,0,0,2.0,0.0,0
Central,2018,9,1,0,0,1.0,0.0,0
Central,2018,10,1,0,1,1.0,0.0,0
Central,2018,11,2,0,0,1.0,1.0,0
Central,2018,12,3,2,1,2.0,0.0,1
Central,2019,2,2,0,1,3.0,1.0,0
Central,2019,3,3,0,0,2.0,1.0,1
Central,2019,5,3,0,0,3.0,0.0,1
Central,2019,6,2,0,0,3.0,0.0,0
Central,2019,9,3,0,1,2.0,0.0,1
Central,2019,11,1,0,0,3.0,1.0,0
Central,2019,12,1,0,0,1.0,0.0,0
Central,2020,1,1,0,0,1.0,0.0,0
Central,2020,2,3,1,0,1.0,0.0,1
Central,2020,3,6,10,1,3.0,0.0,1
Central,2020,4,3,0,0,6.0,1.0,1
Central,2020,5,6,3,2,3.0,0.0,1
Central,2020,6,3,3,1,6.0,2.0,1
Central,2020,7,2,0,1,3.0,1.0,0
Central,2020,8,3,0,0,2.0,1.0,1
Central,2020,9,3,1,0,3.0,0.0,1
Central,2020,10,3,0,0,3.0,0.0,1
Central,2020,11,2,0,0,3.0,0.0,0
Central,2020,12,2,1,0,2.0,0.0,0
Central,2021,3,2,4,0,2.0,0.0,0
Central,2021,4,1,0,0,2.0,0.0,0
Central,2021,6,1,0,0,1.0,0.0,0
Central,2021,9,1,0,0,1.0,0.0,0
Central,2021,10,1,0,0,1.0,0.0,0
Central,2021,11,1,0,0,1.0,0.0,0
Central,2021,12,1,4,0,1.0,0.0,0
Central,2022,1,2,0,1,1.0,0.0,0
Central,2022,2,3,6,0,2.0,1.0,1
Central,2022,3,3,2,1,3.0,0.0,1
Central,2022,4,2,2,0,3.0,1.0,0
Central,2022,5,3,1,0,2.0,0.0,1
Central,2022,6,3,0,1,3.0,0.0,1
Central,2022,7,1,1,0,3.0,1.0,0
Central,2022,8,2,0,0,1.0,0.0,0
Central,2022,9,2,0,0,2.0,0.0,0
Central,2022,10,1,0,0,2.0,0.0,0
Central,2022,11,1,0,0,1.0,0.0,0
Central,2022,12,3,1,1,1.0,0.0,1
Central,2023,1,4,1,0,3.0,1.0,1
Central,2023,2,5,0,0,4.0,0.0,1
Central,2023,3,5,0,0,5.0,0.0,1
Central,2023,4,3,1,0,5.0,0.0,1
Central,2023,5,2,0,1,3.0,0.0,0
Central,2023,6,2,1,0,2.0,1.0,0
Central,2023,8,2,0,1,2.0,0.0,0
Central,2023,9,4,6,0,2.0,1.0,1
Central,2023,10,8,2,3,4.0,0.0,1
Central,2023,11,4,2,0,8.0,3.0,1
Central,2023,12,2,0,0,4.0,0.0,0
Central,2024,1,2,0,0,2.0,0.0,0
Central,2024,5,2,0,0,2.0,0.0,0
Central,2024,6,1,0,0,2.0,0.0,0
Central,2024,7,4,0,0,1.0,0.0,1
Central,2024,9,4,0,0,4.0,0.0,1
Central,2024,11,1,0,0,4.0,0.0,0
Central,2024,12,2,4,0,1.0,0.0,0
Eastern,2003,1,1,0,0,0.0,0.0,0
Eastern,2003,5,3,1,0,1.0,0.0,1
Eastern,2003,8,1,0,1,3.0,0.0,0
Eastern,2003,10,1,0,0,1.0,1.0,0
Eastern,2003,11,2,0,0,1.0,0.0,0
Eastern,2003,12,1,0,1,2.0,0.0,0
Eastern,2004,1,2,0,0,1.0,1.0,0
Eastern,2004,2,1,0,0,2.0,0.0,0
Eastern,2004,3,1,3,0,1.0,0.0,0
Eastern,2004,4,1,0,1,1.0,0.0,0
Eastern,2004,5,1,0,0,1.0,1.0,0
Eastern,2004,6,3,0,1,1.0,0.0,1
Eastern,2004,8,1,0,0,3.0,1.0,0
Eastern,2004,10,1,0,1,1.0,0.0,0
Eastern,2004,11,2,1,1,1.0,1.0,0
Eastern,2004,12,2,2,0,2.0,1.0,0
Eastern,2005,4,1,0,0,2.0,0.0,0
Eastern,2005,5,1,0,0,1.0,0.0,0
Eastern,2005,6,1,2,0,1.0,0.0,0
Eastern,2005,7,2,0,1,1.0,0.0,0
Eastern,2005,9,1,0,0,2.0,1.0,0
Eastern,2005,10,1,2,0,1.0,0.0,0
Eastern,2005,11,1,0,0,1.0,0.0,0
Eastern,2005,12,2,0,0,1.0,0.0,0
Eastern,2006,3,1,0,0,2.0,0.0,0
Eastern,2006,4,1,0,0,1.0,0.0,0
Eastern,2006,5,1,0,0,1.0,0.0,0
Eastern,2006,7,1,2,0,1.0,0.0,0
Eastern,2006,8,1,0,0,1.0,0.0,0
Eastern,2006,9,1,2,0,1.0,0.0,0
Eastern,2006,11,2,3,1,1.0,0.0,0
Eastern,2007,1,3,1,0,2.0,1.0,1
Eastern,2007,2,1,2,0,3.0,0.0,0
Eastern,2007,3,2,0,0,1.0,0.0,0
Eastern,2007,4,1,3,0,2.0,0.0,0
Eastern,2007,5,3,0,2,1.0,0.0,1
Eastern,2007,6,1,1,0,3.0,2.0,0
Eastern,2007,8,1,0,0,1.0,0.0,0
Eastern,2007,11,3,0,0,1.0,0.0,1
Eastern,2007,12,3,1,0,3.0,0.0,1
Eastern,2008,1,2,2,0,3.0,0.0,0
Eastern,2008,2,4,1,0,2.0,0.0,1
Eastern,2008,3,5,0,0,4.0,0.0,1
Eastern,2008,4,3,0,1,5.0,0.0,1
Eastern,2008,5,5,0,0,3.0,1.0,1
Eastern,2008,7,5,0,0,5.0,0.0,1
Eastern,2008,8,3,0,0,5.0,0.0,1
Eastern,2008,10,4,6,0,3.0,0.0,1
Eastern,2008,11,1,0,0,4.0,0.0,0
Eastern,2008,12,5,0,0,1.0,0.0,1
Eastern,2009,1,1,0,0,5.0,0.0,0
Eastern,2009,3,2,3,0,1.0,0.0,0
Eastern,2009,5,2,2,0,2.0,0.0,0
Eastern,2009,6,1,1,0,2.0,0.0,0
Eastern,2009,7,2,0,0,1.0,0.0,0
Eastern,2009,8,1,0,0,2.0,0.0,0
Eastern,2009,9,2,0,0,1.0,0.0,0
Eastern,2009,10,1,2,0,2.0,0.0,0
Eastern,2009,11,2,0,0,1.0,0.0,0
Eastern,2010,2,1,0,1,2.0,0.0,0
Eastern,2010,3,3,0,0,1.0,1.0,1
Eastern,2010,4,1,0,0,3.0,0.0,0
Eastern,2010,5,1,0,0,1.0,0.0,0
Eastern,2010,6,1,0,0,1.0,0.0,0
Eastern,2010,8,3,1,0,1.0,0.0,1
Eastern,2010,9,3,4,0,3.0,0.0,1
Eastern,2010,10,1,0,0,3.0,0.0,0
Eastern,2010,11,1,3,0,1.0,0.0,0
Eastern,2011,3,2,0,0,1.0,0.0,0
Eastern,2011,4,2,4,0,2.0,0.0,0
Eastern,2011,6,2,6,0,2.0,0.0,0
Eastern,2011,7,1,0,0,2.0,0.0,0
Eastern,2011,8,1,2,0,1.0,0.0,0
Eastern,2011,11,1,0,0,1.0,0.0,0
Eastern,2011,12,2,0,0,1.0,0.0,0
Eastern,2012,1,3,0,0,2.0,0.0,1
Eastern,2012,2,3,1,0,3.0,0.0,1
Eastern,2012,3,3,0,0,3.0,0.0,1
Eastern,2012,4,3,2,1,3.0,0.0,1
Eastern,2012,5,5,6,0,3.0,1.0,1
Eastern,2012,6,1,0,0,5.0,0.0,0
Eastern,2012,7,3,0,1,1.0,0.0,1
Eastern,2012,8,4,5,1,3.0,1.0,1
Eastern,2012,9,2,1,0,4.0,1.0,0
Eastern,2012,10,2,0,1,2.0,0.0,0
Eastern,2012,12,1,0,0,2.0,1.0,0
Eastern,2013,3,1,0,0,1.0,0.0,0
Eastern,2013,4,1,0,1,1.0,0.0,0
Eastern,2013,6,1,2,0,1.0,1.0,0
Eastern,2013,7,1,0,0,1.0,0.0,0
Eastern,2013,9,1,0,0,1.0,0.0,0
Eastern,2013,10,1,0,0,1.0,0.0,0
Eastern,2013,11,3,1,0,1.0,0.0,1
Eastern,2013,12,2,0,0,3.0,0.0,0
Eastern,2014,1,2,0,0,2.0,0.0,0
Eastern,2014,2,1,0,0,2.0,0.0,0
Eastern,2014,3,2,2,1,1.0,0.0,0
Eastern,2014,4,3,0,0,2.0,1.0,1
Eastern,2014,5,2,3,0,3.0,0.0,0
Eastern,2014,6,1,0,0,2.0,0.0,0
Eastern,2014,7,1,0,0,1.0,0.0,0
Eastern,2014,8,2,0,0,1.0,0.0,0
Eastern,2014,9,1,0,0,2.0,0.0,0
Eastern,2014,11,3,3,0,1.0,0.0,1
Eastern,2014,12,2,2,0,3.0,0.0,0
Eastern,2015,1,2,4,1,2.0,0.0,0
Eastern,2015,3,1,1,0,2.0,1.0,0
Eastern,2015,5,2,0,1,1.0,0.0,0
Eastern,2015,6,1,0,0,2.0,1.0,0
Eastern,2015,7,1,0,0,1.0,0.0,0
Eastern,2015,8,2,0,0,1.0,0.0,0
Eastern,2015,9,6,3,0,2.0,0.0,1
Eastern,2015,10,2,0,0,6.0,0.0,0
Eastern,2015,11,1,0,0,2.0,0.0,0
Eastern,2015,12,1,2,0,1.0,0.0,0
Eastern,2016,1,1,0,0,1.0,0.0,0
Eastern,2016,2,2,0,0,1.0,0.0,0
Eastern,2016,3,1,1,0,2.0,0.0,0
Eastern,2016,4,3,0,0,1.0,0.0,1
Eastern,2016,5,2,0,1,3.0,0.0,0
Eastern,2016,6,1,0,0,2.0,1.0,0
Eastern,2016,7,1,0,0,1.0,0.0,0
Eastern,2016,8,3,2,0,1.0,0.0,1
Eastern,2016,9,1,0,0,3.0,0.0,0
Eastern,2016,10,1,0,1,1.0,0.0,0
Eastern,2016,11,2,3,0,1.0,1.0,0
Eastern,2016,12,3,2,0,2.0,0.0,1
Eastern,2017,1,1,0,0,3.0,0.0,0
Eastern,2017,2,1,0,0,1.0,0.0,0
Eastern,2017,4,3,2,0,1.0,0.0,1
Eastern,2017,5,1,0,0,3.0,0.0,0
Eastern,2017,6,1,3,0,1.0,0.0,0
Eastern,2017,8,2,0,0,1.0,0.0,0
Eastern,2017,10,4,0,0,2.0,0.0,1
Eastern,2017,11,2,0,0,4.0,0.0,0
Eastern,2017,12,2,0,0,2.0,0.0,0
Eastern,2018,1,5,5,0,2.0,0.0,1
Eastern,2018,2,1,6,0,5.0,0.0,0
Eastern,2018,3,1,0,0,1.0,0.0,0
Eastern,2018,4,2,0,0,1.0,0.0,0
Eastern,2018,6,1,5,0,2.0,0.0,0
Eastern,2018,7,1,0,0,1.0,0.0,0
Eastern,2018,9,1,0,1,1.0,0.0,0
Eastern,2018,10,2,3,1,1.0,1.0,0
Eastern,2018,11,1,0,0,2.0,1.0,0
Eastern,2018,12,3,3,1,1.0,0.0,1
Eastern,2019,1,4,0,0,3.0,1.0,1
Eastern,2019,2,2,0,0,4.0,0.0,0
Eastern,2019,3,2,0,0,2.0,0.0,0
Eastern,2019,6,1,2,0,2.0,0.0,0
Eastern,2019,7,2,1,0,1.0,0.0,0
Eastern,2019,9,1,1,0,2.0,0.0,0
Eastern,2019,11,1,0,0,1.0,0.0,0
Eastern,2019,12,2,1,0,1.0,0.0,0
Eastern,2020,1,4,2,0,2.0,0.0,1
Eastern,2020,2,4,3,1,4.0,0.0,1
Eastern,2020,4,2,0,1,4.0,1.0,0
Eastern,2020,5,1,0,0,2.0,1.0,0
Eastern,2020,6,5,2,2,1.0,0.0,1
Eastern,2020,8,3,1,0,5.0,2.0,1
Eastern,2020,9,5,1,1,3.0,0.0,1
Eastern,2020,11,1,0,0,5.0,1.0,0
Eastern,2020,12,2,0,0,1.0,0.0,0
Eastern,2021,1,3,3,0,2.0,0.0,1
Eastern,2021,2,1,0,0,3.0,0.0,0
Eastern,2021,3,1,0,0,1.0,0.0,0
Eastern,2021,4,2,0,0,1.0,0.0,0
Eastern,2021,8,3,0,0,2.0,0.0,1
Eastern,2021,9,1,1,0,3.0,0.0,0
Eastern,2021,11,2,0,0,1.0,0.0,0
Eastern,2021,12,1,0,0,2.0,0.0,0
Eastern,2022,1,1,0,0,1.0,0.0,0
Eastern,2022,2,1,0,0,1.0,0.0,0
Eastern,2022,3,1,0,0,1.0,0.0,0
Eastern,2022,4,1,0,0,1.0,0.0,0
Eastern,2022,5,1,0,0,1.0,0.0,0
Eastern,2022,6,3,1,1,1.0,0.0,1
Eastern,2022,7,3,0,1,3.0,1.0,1
Eastern,2022,8,1,0,0,3.0,1.0,0
Eastern,2022,9,2,0,0,1.0,0.0,0
Eastern,2022,10,1,0,0,2.0,0.0,0
Eastern,2022,11,3,0,0,1.0,0.0,1
Eastern,2022,12,4,2,2,3.0,0.0,1
Eastern,2023,2,1,0,0,4.0,2.0,0
Eastern,2023,3,1,0,0,1.0,0.0,0
Eastern,2023,4,1,0,0,1.0,0.0,0
Eastern,2023,5,5,0,0,1.0,0.0,1
Eastern,2023,6,3,0,0,5.0,0.0,1
Eastern,2023,7,6,0,0,3.0,0.0,1
Eastern,2023,8,2,3,0,6.0,0.0,0
Eastern,2023,9,3,0,1,2.0,0.0,1
Eastern,2023,10,4,1,0,3.0,1.0,1
Eastern,2023,11,2,0,1,4.0,0.0,0
Eastern,2023,12,7,3,0,2.0,1.0,1
Eastern,2024,1,3,1,0,7.0,0.0,1
Eastern,2024,2,1,0,0,3.0,0.0,0
Eastern,2024,3,1,0,0,1.0,0.0,0
Eastern,2024,4,1,0,0,1.0,0.0,0
Eastern,2024,5,1,0,0,1.0,0.0,0
Eastern,2024,6,1,0,0,1.0,0.0,0
Eastern,2024,7,1,0,0,1.0,0.0,0
Eastern,2024,10,2,2,0,1.0,0.0,0
Eastern,2024,11,1,0,0,2.0,0.0,0
Greater Accra,2003,1,3,0,0,0.0,0.0,1
Greater Accra,2003,2,2,1,0,3.0,0.0,0
Greater Accra,2003,3,2,1,0,2.0,0.0,0
Greater Accra,2003,4,1,0,0,2.0,0.0,0
Greater Accra,2003,8,2,0,0,1.0,0.0,0
Greater Accra,2003,9,1,5,0,2.0,0.0,0
Greater Accra,2003,10,2,4,0,1.0,0.0,0
Greater Accra,2003,11,1,0,0,2.0,0.0,0
Greater Accra,2003,12,1,3,0,1.0,0.0,0
Greater Accra,2004,1,2,6,0,1.0,0.0,0
Greater Accra,2004,4,2,0,0,2.0,0.0,0
Greater Accra,2004,5,2,0,0,2.0,0.0,0
Greater Accra,2004,7,2,0,1,2.0,0.0,0
Greater Accra,2004,9,1,0,1,2.0,1.0,0
Greater Accra,2004,11,1,0,1,1.0,1.0,0
Greater Accra,2004,12,2,3,0,1.0,1.0,0
Greater Accra,2005,2,1,0,0,2.0,0.0,0
Greater Accra,2005,3,2,0,0,1.0,0.0,0
Greater Accra,2005,4,3,0,0,2.0,0.0,1
Greater Accra,2005,6,1,0,0,3.0,0.0,0
Greater Accra,2005,9,2,1,0,1.0,0.0,0
Greater Accra,2005,10,1,0,0,2.0,0.0,0
Greater Accra,2005,11,2,0,0,1.0,0.0,0
Greater Accra,2005,12,1,0,0,2.0,0.0,0
Greater Accra,2006,1,1,0,0,1.0,0.0,0
Greater Accra,2006,2,1,1,0,1.0,0.0,0
Greater Accra,2006,3,4,0,0,1.0,0.0,1
Greater Accra,2006,5,3,2,0,4.0,0.0,1
Greater Accra,2006,6,2,0,2,3.0,0.0,0
Greater Accra,2006,7,2,1,0,2.0,2.0,0
Greater Accra,2006,8,1,2,0,2.0,0.0,0
Greater Accra,2006,10,1,2,0,1.0,0.0,0
Greater Accra,2006,11,1,0,0,1.0,0.0,0
Greater Accra,2006,12,3,6,0,1.0,0.0,1
Greater Accra,2007,1,1,3,0,3.0,0.0,0
Greater Accra,2007,2,2,0,0,1.0,0.0,0
Greater Accra,2007,3,1,0,0,2.0,0.0,0
Greater Accra,2007,4,1,0,0,1.0,0.0,0
Greater Accra,2007,5,2,0,0,1.0,0.0,0
Greater Accra,2007,6,1,0,0,2.0,0.0,0
Greater Accra,2007,7,1,1,0,1.0,0.0,0
Greater Accra,2007,8,3,0,1,1.0,0.0,1
Greater Accra,2007,9,2,0,0,3.0,1.0,0
Greater Accra,2007,10,2,0,0,2.0,0.0,0
Greater Accra,2007,11,3,0,0,2.0,0.0,1
Greater Accra,2007,12,3,2,1,3.0,0.0,1
Greater Accra,2008,1,6,5,1,3.0,1.0,1
Greater Accra,2008,2,4,0,0,6.0,1.0,1
Greater Accra,2008,3,3,0,2,4.0,0.0,1
Greater Accra,2008,4,4,5,0,3.0,2.0,1
Greater Accra,2008,5,3,1,0,4.0,0.0,1
Greater Accra,2008,6,2,2,0,3.0,0.0,0
Greater Accra,2008,7,3,0,0,2.0,0.0,1
Greater Accra,2008,8,1,1,0,3.0,0.0,0
Greater Accra,2008,9,7,4,0,1.0,0.0,1
Greater Accra,2008,10,3,2,1,7.0,0.0,1
Greater Accra,2008,11,1,0,0,3.0,1.0,0
Greater Accra,2008,12,3,3,0,1.0,0.0,1
Greater Accra,2009,1,1,1,0,3.0,0.0,0
Greater Accra,2009,2,2,0,0,1.0,0.0,0
Greater Accra,2009,3,2,1,0,2.0,0.0,0
Greater Accra,2009,9,1,2,0,2.0,0.0,0
Greater Accra,2009,10,2,0,0,1.0,0.0,0
Greater Accra,2009,11,1,0,0,2.0,0.0,0
Greater Accra,2010,1,2,0,2,1.0,0.0,0
Greater Accra,2010,3,1,0,0,2.0,2.0,0
Greater Accra,2010,4,1,1,0,1.0,0.0,0
Greater Accra,2010,5,2,0,1,1.0,0.0,0
Greater Accra,2010,6,2,3,0,2.0,1.0,0
Greater Accra,2010,7,1,2,0,2.0,0.0,0
Greater Accra,2010,8,1,0,1,1.0,0.0,0
Greater Accra,2010,9,1,2,0,1.0,1.0,0
Greater Accra,2010,10,1,0,0,1.0,0.0,0
Greater Accra,2010,11,2,0,1,1.0,0.0,0
Greater Accra,2011,1,2,0,0,2.0,1.0,0
Greater Accra,2011,2,1,0,1,2.0,0.0,0
Greater Accra,2011,3,1,0,0,1.0,1.0,0
Greater Accra,2011,5,2,1,0,1.0,0.0,0
Greater Accra,2011,6,1,0,1,2.0,0.0,0
Greater Accra,2011,7,2,0,0,1.0,1.0,0
Greater Accra,2011,8,2,0,1,2.0,0.0,0
Greater Accra,2011,9,1,0,0,2.0,1.0,0
Greater Accra,2011,10,1,0,0,1.0,0.0,0
Greater Accra,2011,11,1,0,0,1.0,0.0,0
Greater Accra,2011,12,2,0,1,1.0,0.0,0
Greater Accra,2012,1,3,0,0,2.0,1.0,1
Greater Accra,2012,2,2,3,0,3.0,0.0,0
Greater Accra,2012,3,1,0,0,2.0,0.0,0
Greater Accra,2012,4,1,0,1,1.0,0.0,0
Greater Accra,2012,5,2,1,0,1.0,1.0,0
Greater Accra,2012,6,4,3,0,2.0,0.0,1
Greater Accra,2012,7,4,2,2,4.0,0.0,1
Greater Accra,2012,8,3,0,1,4.0,2.0,1
Greater Accra,2012,9,3,5,0,3.0,1.0,1
Greater Accra,2012,10,1,1,0,3.0,0.0,0
Greater Accra,2012,11,3,0,0,1.0,0.0,1
Greater Accra,2012,12,4,9,1,3.0,0.0,1
Greater Accra,2013,3,1,0,0,4.0,1.0,0
Greater Accra,2013,4,1,2,0,1.0,0.0,0
Greater Accra,2013,5,3,2,0,1.0,0.0,1
Greater Accra,2013,6,1,0,0,3.0,0.0,0
Greater Accra,2013,7,3,0,0,1.0,0.0,1
Greater Accra,2013,8,3,0,0,3.0,0.0,1
Greater Accra,2013,12,2,0,0,3.0,0.0,0
Greater Accra,2014,1,2,0,0,2.0,0.0,0
Greater Accra,2014,6,1,0,0,2.0,0.0,0
Greater Accra,2014,7,4,2,1,1.0,0.0,1
Greater Accra,2014,9,1,0,0,4.0,1.0,0
Greater Accra,2014,10,2,0,0,1.0,0.0,0
Greater Accra,2014,11,3,2,0,2.0,0.0,1
Greater Accra,2014,12,1,0,0,3.0,0.0,0
Greater Accra,2015,1,2,0,1,1.0,0.0,0
Greater Accra,2015,2,3,1,0,2.0,1.0,1
Greater Accra,2015,3,1,0,0,3.0,0.0,0
Greater Accra,2015,4,2,0,0,1.0,0.0,0
Greater Accra,2015,6,2,5,0,2.0,0.0,0
Greater Accra,2015,7,4,2,1,2.0,0.0,1
Greater Accra,2015,8,2,0,1,4.0,1.0,0
Greater Accra,2015,11,1,0,0,2.0,1.0,0
Greater Accra,2015,12,1,0,0,1.0,0.0,0
Greater Accra,2016,1,1,0,0,1.0,0.0,0
Greater Accra,2016,2,3,0,0,1.0,0.0,1
Greater Accra,2016,3,4,6,0,3.0,0.0,1
Greater Accra,2016,4,1,0,1,4.0,0.0,0
Greater Accra,2016,5,1,0,0,1.0,1.0,0
Greater Accra,2016,6,2,0,0,1.0,0.0,0
Greater Accra,2016,7,1,3,0,2.0,0.0,0
Greater Accra,2016,9,3,1,1,1.0,0.0,1
Greater Accra,2016,10,4,1,0,3.0,1.0,1
Greater Accra,2016,11,2,0,1,4.0,0.0,0
Greater Accra,2016,12,1,0,0,2.0,1.0,0
Greater Accra,2017,1,3,0,1,1.0,0.0,1
Greater Accra,2017,3,2,2,0,3.0,1.0,0
Greater Accra,2017,5,3,0,0,2.0,0.0,1
Greater Accra,2017,6,2,3,1,3.0,0.0,0
Greater Accra,2017,7,1,0,1,2.0,1.0,0
Greater Accra,2017,8,2,3,0,1.0,1.0,0
Greater Accra,2017,9,2,0,0,2.0,0.0,0
Greater Accra,2017,11,1,0,1,2.0,0.0,0
Greater Accra,2017,12,1,0,0,1.0,1.0,0
Greater Accra,2018,1,2,0,0,1.0,0.0,0
Greater Accra,2018,2,1,0,0,2.0,0.0,0
Greater Accra,2018,4,1,0,0,1.0,0.0,0
Greater Accra,2018,5,1,0,0,1.0,0.0,0
Greater Accra,2018,6,2,0,0,1.0,0.0,0
Greater Accra,2018,8,1,0,0,2.0,0.0,0
Greater Accra,2018,9,1,0,0,1.0,0.0,0
Greater Accra,2018,10,1,0,0,1.0,0.0,0
Greater Accra,2018,11,1,0,0,1.0,0.0,0
Greater Accra,2018,12,2,2,0,1.0,0.0,0
Greater Accra,2019,1,1,0,1,2.0,0.0,0
Greater Accra,2019,2,2,0,0,1.0,1.0,0
Greater Accra,2019,3,1,0,0,2.0,0.0,0
Greater Accra,2019,4,2,2,0,1.0,0.0,0
Greater Accra,2019,5,2,1,0,2.0,0.0,0
Greater Accra,2019,6,4,0,1,2.0,0.0,1
Greater Accra,2019,8,1,0,1,4.0,1.0,0
Greater Accra,2019,10,1,0,1,1.0,1.0,0
Greater Accra,2019,11,1,0,1,1.0,1.0,0
Greater Accra,2019,12,1,3,0,1.0,1.0,0
Greater Accra,2020,1,5,0,2,1.0,0.0,1
Greater Accra,2020,2,2,2,0,5.0,2.0,0
Greater Accra,2020,3,2,1,0,2.0,0.0,0
Greater Accra,2020,5,4,3,1,2.0,0.0,1
Greater Accra,2020,6,1,0,0,4.0,1.0,0
Greater Accra,2020,8,4,0,1,1.0,0.0,1
Greater Accra,2020,9,3,2,0,4.0,1.0,1
Greater Accra,2020,11,2,1,0,3.0,0.0,0
Greater Accra,2020,12,4,3,1,2.0,0.0,1
Greater Accra,2021,2,2,0,0,4.0,1.0,0
Greater Accra,2021,3,2,1,0,2.0,0.0,0
Greater Accra,2021,4,1,1,0,2.0,0.0,0
Greater Accra,2021,5,1,0,0,1.0,0.0,0
Greater Accra,2021,6,1,0,0,1.0,0.0,0
Greater Accra,2021,8,1,1,0,1.0,0.0,0
Greater Accra,2021,9,3,0,1,1.0,0.0,1
Greater Accra,2021,10,1,0,0,3.0,1.0,0
Greater Accra,2021,11,1,0,1,1.0,0.0,0
Greater Accra,2021,12,1,2,0,1.0,1.0,0
Greater Accra,2022,1,2,0,0,1.0,0.0,0
Greater Accra,2022,2,3,3,1,2.0,0.0,1
Greater Accra,2022,3,2,2,0,3.0,1.0,0
Greater Accra,2022,4,3,0,0,2.0,0.0,1
Greater Accra,2022,5,4,0,0,3.0,0.0,1
Greater Accra,2022,6,1,0,1,4.0,0.0,0
Greater Accra,2022,7,2,1,1,1.0,1.0,0
Greater Accra,2022,8,3,1,0,2.0,1.0,1
Greater Accra,2022,9,2,0,0,3.0,0.0,0
Greater Accra,2022,10,4,0,0,2.0,0.0,1
Greater Accra,2022,11,2,0,0,4.0,0.0,0
Greater Accra,2022,12,4,1,0,2.0,0.0,1
Greater Accra,2023,1,1,0,0,4.0,0.0,0
Greater Accra,2023,2,3,2,0,1.0,0.0,1
Greater Accra,2023,3,1,0,0,3.0,0.0,0
Greater Accra,2023,4,6,0,1,1.0,0.0,1
Greater Accra,2023,5,3,2,0,6.0,1.0,1
Greater Accra,2023,6,5,3,0,3.0,0.0,1
Greater Accra,2023,7,1,0,0,5.0,0.0,0
Greater Accra,2023,8,4,3,1,1.0,0.0,1
Greater Accra,2023,9,3,2,0,4.0,1.0,1
Greater Accra,2023,10,3,2,0,3.0,0.0,1
Greater Accra,2023,11,4,3,0,3.0,0.0,1
Greater Accra,2023,12,4,0,0,4.0,0.0,1
Greater Accra,2024,1,2,0,0,4.0,0.0,0
Greater Accra,2024,2,1,1,0,2.0,0.0,0
Greater Accra,2024,3,1,2,0,1.0,0.0,0
Greater Accra,2024,4,1,3,0,1.0,0.0,0
Greater Accra,2024,5,2,0,0,1.0,0.0,0
Greater Accra,2024,6,1,0,1,2.0,0.0,0
Greater Accra,2024,8,1,2,0,1.0,1.0,0
Greater Accra,2024,10,3,1,0,1.0,0.0,1
Greater Accra,2024,11,1,0,0,3.0,0.0,0
Greater Accra,2024,12,1,0,0,1.0,0.0,0
North East,2003,1,3,1,0,0.0,0.0,1
North East,2003,2,1,2,0,3.0,0.0,0
North East,2003,3,3,0,0,1.0,0.0,1
North East,2003,4,1,0,0,3.0,0.0,0
North East,2003,5,2,0,1,1.0,0.0,0
North East,2003,6,1,0,0,2.0,1.0,0
North East,2003,7,4,1,0,1.0,0.0,1
North East,2003,8,2,2,0,4.0,0.0,0
North East,2003,9,5,0,0,2.0,0.0,1
North East,2003,10,1,1,0,5.0,0.0,0
North East,2003,11,2,0,1,1.0,0.0,0
North East,2004,1,4,0,1,2.0,1.0,1
North East,2004,2,1,0,0,4.0,1.0,0
North East,2004,3,4,2,1,1.0,0.0,1
North East,2004,4,1,0,0,4.0,1.0,0
North East,2004,5,5,0,0,1.0,0.0,1
North East,2004,6,2,2,1,5.0,0.0,0
North East,2004,7,4,4,1,2.0,1.0,1
North East,2004,8,3,1,1,4.0,1.0,1
North East,2004,9,1,0,0,3.0,1.0,0
North East,2004,10,2,0,0,1.0,0.0,0
North East,2004,11,3,2,1,2.0,0.0,1
North East,2004,12,5,5,1,3.0,1.0,1
North East,2005,1,4,1,1,5.0,1.0,1
North East,2005,3,1,0,1,4.0,1.0,0
North East,2005,4,4,0,0,1.0,1.0,1
North East,2005,5,6,6,0,4.0,0.0,1
North East,2005,6,4,1,0,6.0,0.0,1
North East,2005,7,2,0,1,4.0,0.0,0
North East,2005,8,1,0,0,2.0,1.0,0
North East,2005,9,4,6,1,1.0,0.0,1
North East,2005,10,2,1,0,4.0,1.0,0
North East,2005,11,5,0,0,2.0,0.0,1
North East,2005,12,4,0,0,5.0,0.0,1
North East,2006,1,5,5,0,4.0,0.0,1
North East,2006,2,3,0,0,5.0,0.0,1
North East,2006,3,4,0,0,3.0,0.0,1
North East,2006,4,1,0,0,4.0,0.0,0
North East,2006,5,1,0,0,1.0,0.0,0
North East,2006,6,4,2,1,1.0,0.0,1
North East,2006,7,2,0,0,4.0,1.0,0
North East,2006,8,4,1,0,2.0,0.0,1
North East,2006,9,3,0,0,4.0,0.0,1
North East,2006,10,4,1,1,3.0,0.0,1
North East,2006,11,4,0,0,4.0,1.0,1
North East,2006,12,5,1,2,4.0,0.0,1
North East,2007,1,3,4,0,5.0,2.0,1
North East,2007,2,3,3,0,3.0,0.0,1
North East,2007,3,4,2,0,3.0,0.0,1
North East,2007,4,2,0,0,4.0,0.0,0
North East,2007,5,5,2,1,2.0,0.0,1
North East,2007,6,7,4,1,5.0,1.0,1
North East,2007,7,3,6,1,7.0,1.0,1
North East,2007,8,6,0,0,3.0,1.0,1
North East,2007,9,4,0,0,6.0,0.0,1
North East,2007,11,6,3,1,4.0,0.0,1
North East,2007,12,4,6,2,6.0,1.0,1
North East,2008,1,16,2,1,4.0,2.0,1
North East,2008,2,4,3,0,16.0,1.0,1
North East,2008,3,4,0,2,4.0,0.0,1
North East,2008,4,5,6,0,4.0,2.0,1
North East,2008,5,5,5,0,5.0,0.0,1
North East,2008,6,7,6,1,5.0,0.0,1
North East,2008,7,6,2,1,7.0,1.0,1
North East,2008,8,9,5,1,6.0,1.0,1
North East,2008,9,6,2,1,9.0,1.0,1
North East,2008,10,10,7,2,6.0,1.0,1
North East,2008,11,16,4,2,10.0,2.0,1
North East,2008,12,11,1,1,16.0,2.0,1
North East,2009,1,5,2,1,11.0,1.0,1
North East,2009,2,1,2,0,5.0,1.0,0
North East,2009,3,2,0,0,1.0,0.0,0
North East,2009,4,4,0,1,2.0,0.0,1
North East,2009,5,4,3,0,4.0,1.0,1
North East,2009,6,4,0,1,4.0,0.0,1
North East,2009,7,6,5,0,4.0,1.0,1
North East,2009,8,2,0,1,6.0,0.0,0
North East,2009,9,1,4,0,2.0,1.0,0
North East,2009,10,2,2,0,1.0,0.0,0
North East,2009,11,5,2,0,2.0,0.0,1
North East,2010,1,1,0,0,5.0,0.0,0
North East,2010,2,4,2,1,1.0,0.0,1
North East,2010,3,3,4,0,4.0,1.0,1
North East,2010,4,3,0,0,3.0,0.0,1
North East,2010,5,4,1,1,3.0,0.0,1
North East,2010,6,1,0,0,4.0,1.0,0
North East,2010,7,5,4,0,1.0,0.0,1
North East,2010,8,4,0,0,5.0,0.0,1
North East,2010,9,4,0,2,4.0,0.0,1
North East,2010,10,3,6,0,4.0,2.0,1
North East,2010,11,2,0,0,3.0,0.0,0
North East,2010,12,3,1,1,2.0,0.0,1
North East,2011,1,2,0,0,3.0,1.0,0
North East,2011,2,3,0,0,2.0,0.0,1
North East,2011,3,4,0,0,3.0,0.0,1
North East,2011,4,3,2,0,4.0,0.0,1
North East,2011,5,4,2,0,3.0,0.0,1
North East,2011,6,3,0,2,4.0,0.0,1
North East,2011,7,3,0,0,3.0,2.0,1
North East,2011,8,4,0,1,3.0,0.0,1
North East,2011,10,3,0,1,4.0,1.0,1
North East,2011,11,2,1,0,3.0,1.0,0
North East,2011,12,4,1,0,2.0,0.0,1
North East,2012,1,6,2,0,4.0,0.0,1
North East,2012,2,7,5,0,6.0,0.0,1
North East,2012,3,5,2,0,7.0,0.0,1
North East,2012,4,2,0,0,5.0,0.0,0
North East,2012,5,5,0,1,2.0,0.0,1
North East,2012,6,2,0,0,5.0,1.0,0
North East,2012,7,2,0,0,2.0,0.0,0
North East,2012,8,4,2,0,2.0,0.0,1
North East,2012,9,4,0,1,4.0,0.0,1
North East,2012,10,5,1,0,4.0,1.0,1
North East,2012,11,9,0,0,5.0,0.0,1
North East,2012,12,5,4,1,9.0,0.0,1
North East,2013,1,4,2,0,5.0,1.0,1
North East,2013,2,6,0,0,4.0,0.0,1
North East,2013,3,2,0,0,6.0,0.0,0
North East,2013,4,5,2,0,2.0,0.0,1
North East,2013,5,4,3,1,5.0,0.0,1
North East,2013,7,2,0,1,4.0,1.0,0
North East,2013,8,3,0,2,2.0,1.0,1
North East,2013,9,5,0,0,3.0,2.0,1
North East,2013,10,2,2,0,5.0,0.0,0
North East,2013,11,7,11,1,2.0,0.0,1
North East,2013,12,1,0,0,7.0,1.0,0
North East,2014,1,4,0,0,1.0,0.0,1
North East,2014,2,1,0,0,4.0,0.0,0
North East,2014,3,2,1,0,1.0,0.0,0
North East,2014,4,3,0,0,2.0,0.0,1
North East,2014,5,4,0,0,3.0,0.0,1
North East,2014,7,2,0,1,4.0,0.0,0
North East,2014,8,2,1,0,2.0,1.0,0
North East,2014,9,2,1,0,2.0,0.0,0
North East,2014,10,2,1,0,2.0,0.0,0
North East,2014,11,3,0,0,2.0,0.0,1
North East,2014,12,5,4,0,3.0,0.0,1
North East,2015,1,2,0,0,5.0,0.0,0
North East,2015,3,3,2,0,2.0,0.0,1
North East,2015,4,2,2,0,3.0,0.0,0
North East,2015,5,4,0,0,2.0,0.0,1
North East,2015,6,2,0,0,4.0,0.0,0
North East,2015,7,2,0,0,2.0,0.0,0
North East,2015,8,4,0,1,2.0,0.0,1
North East,2015,9,5,1,0,4.0,1.0,1
North East,2015,10,4,2,0,5.0,0.0,1
North East,2015,11,5,0,2,4.0,0.0,1
North East,2015,12,3,2,0,5.0,2.0,1
North East,2016,1,5,1,0,3.0,0.0,1
North East,2016,2,6,0,1,5.0,0.0,1
North East,2016,3,3,3,0,6.0,1.0,1
North East,2016,4,4,1,0,3.0,0.0,1
North East,2016,5,4,2,0,4.0,0.0,1
North East,2016,6,4,4,0,4.0,0.0,1
North East,2016,7,1,0,0,4.0,0.0,0
North East,2016,8,3,0,0,1.0,0.0,1
North East,2016,9,2,4,1,3.0,0.0,0
North East,2016,10,4,2,0,2.0,1.0,1
North East,2016,11,4,0,1,4.0,0.0,1
North East,2016,12,5,2,0,4.0,1.0,1
North East,2017,1,2,0,0,5.0,0.0,0
North East,2017,2,3,0,0,2.0,0.0,1
North East,2017,3,3,0,0,3.0,0.0,1
North East,2017,4,6,4,0,3.0,0.0,1
North East,2017,5,4,3,0,6.0,0.0,1
North East,2017,6,6,4,0,4.0,0.0,1
North East,2017,7,3,2,0,6.0,0.0,1
North East,2017,8,2,1,0,3.0,0.0,0
North East,2017,9,2,0,0,2.0,0.0,0
North East,2017,10,1,0,0,2.0,0.0,0
North East,2017,11,3,1,0,1.0,0.0,1
North East,2017,12,2,2,0,3.0,0.0,0
North East,2018,1,3,2,0,2.0,0.0,1
North East,2018,2,1,1,0,3.0,0.0,0
North East,2018,4,2,0,0,1.0,0.0,0
North East,2018,5,2,2,0,2.0,0.0,0
North East,2018,6,2,1,0,2.0,0.0,0
North East,2018,7,3,5,1,2.0,0.0,1
North East,2018,8,4,8,0,3.0,1.0,1
North East,2018,9,2,0,0,4.0,0.0,0
North East,2018,11,3,0,0,2.0,0.0,1
North East,2018,12,5,4,0,3.0,0.0,1
North East,2019,1,5,0,0,5.0,0.0,1
North East,2019,2,2,1,0,5.0,0.0,0
North East,2019,3,2,0,0,2.0,0.0,0
North East,2019,4,3,3,0,2.0,0.0,1
North East,2019,5,1,0,0,3.0,0.0,0
North East,2019,6,3,2,0,1.0,0.0,1
North East,2019,7,4,4,1,3.0,0.0,1
North East,2019,8,4,0,1,4.0,1.0,1
North East,2019,9,2,0,0,4.0,1.0,0
North East,2019,10,3,1,0,2.0,0.0,1
North East,2019,11,5,3,1,3.0,0.0,1
North East,2019,12,1,0,0,5.0,1.0,0
North East,2020,1,7,0,2,1.0,0.0,1
North East,2020,2,5,4,1,7.0,2.0,1
North East,2020,3,5,2,1,5.0,1.0,1
North East,2020,4,8,1,1,5.0,1.0,1
North East,2020,5,2,0,0,8.0,1.0,0
North East,2020,6,4,3,0,2.0,0.0,1
North East,2020,7,7,3,1,4.0,0.0,1
North East,2020,8,5,2,0,7.0,1.0,1
North East,2020,9,5,5,0,5.0,0.0,1
North East,2020,10,10,1,0,5.0,0.0,1
North East,2020,11,5,0,0,10.0,0.0,1
North East,2020,12,6,5,0,5.0,0.0,1
North East,2021,1,4,5,0,6.0,0.0,1
North East,2021,2,1,5,0,4.0,0.0,0
North East,2021,3,3,4,0,1.0,0.0,1
North East,2021,4,2,0,0,3.0,0.0,0
North East,2021,5,3,4,0,2.0,0.0,1
North East,2021,6,3,1,0,3.0,0.0,1
North East,2021,7,3,0,0,3.0,0.0,1
North East,2021,8,2,1,0,3.0,0.0,0
North East,2021,9,3,0,0,2.0,0.0,1
North East,2021,10,4,0,0,3.0,0.0,1
North East,2021,11,8,3,0,4.0,0.0,1
North East,2021,12,3,0,1,8.0,0.0,1
North East,2022,1,7,3,0,3.0,1.0,1
North East,2022,2,4,2,0,7.0,0.0,1
North East,2022,3,7,1,0,4.0,0.0,1
North East,2022,4,3,2,1,7.0,0.0,1
North East,2022,5,3,0,0,3.0,1.0,1
North East,2022,6,5,0,0,3.0,0.0,1
North East,2022,7,4,4,0,5.0,0.0,1
North East,2022,8,2,0,0,4.0,0.0,0
North East,2022,9,4,1,0,2.0,0.0,1
North East,2022,10,2,1,0,4.0,0.0,0
North East,2022,11,2,1,0,2.0,0.0,0
North East,2022,12,4,2,0,2.0,0.0,1
North East,2023,1,12,5,1,4.0,0.0,1
North East,2023,2,10,10,0,12.0,1.0,1
North East,2023,3,7,3,0,10.0,0.0,1
North East,2023,4,5,7,0,7.0,0.0,1
North East,2023,5,9,7,1,5.0,0.0,1
North East,2023,6,5,7,0,9.0,1.0,1
North East,2023,7,7,3,0,5.0,0.0,1
North East,2023,8,5,0,1,7.0,0.0,1
North East,2023,9,9,9,0,5.0,1.0,1
North East,2023,10,8,3,0,9.0,0.0,1
North East,2023,11,10,4,3,8.0,0.0,1
North East,2023,12,9,3,2,10.0,3.0,1
North East,2024,1,4,0,1,9.0,2.0,1
North East,2024,2,4,3,0,4.0,1.0,1
North East,2024,3,4,5,0,4.0,0.0,1
North East,2024,4,2,2,1,4.0,0.0,0
North East,2024,5,2,0,0,2.0,1.0,0
North East,2024,6,2,0,0,2.0,0.0,0
North East,2024,7,2,0,0,2.0,0.0,0
North East,2024,8,1,0,0,2.0,0.0,0
North East,2024,9,2,5,0,1.0,0.0,0
North East,2024,10,3,4,0,2.0,0.0,1
North East,2024,11,6,7,0,3.0,0.0,1
North East,2024,12,1,0,0,6.0,0.0,0
Northern,2003,1,4,1,0,0.0,0.0,1
Northern,2003,2,3,1,0,4.0,0.0,1
Northern,2003,3,1,0,1,3.0,0.0,0
Northern,2003,4,1,0,0,1.0,1.0,0
Northern,2003,5,4,0,0,1.0,0.0,1
Northern,2003,6,3,3,1,4.0,0.0,1
Northern,2003,7,5,0,1,3.0,1.0,1
Northern,2003,8,2,0,0,5.0,1.0,0
Northern,2003,9,2,1,0,2.0,0.0,0
Northern,2003,11,9,5,1,2.0,0.0,1
Northern,2003,12,3,0,0,9.0,1.0,1
Northern,2004,1,4,0,0,3.0,0.0,1
Northern,2004,2,2,0,0,4.0,0.0,0
Northern,2004,3,2,0,0,2.0,0.0,0
Northern,2004,4,1,2,0,2.0,0.0,0
Northern,2004,5,2,1,0,1.0,0.0,0
Northern,2004,6,2,0,1,2.0,0.0,0
Northern,2004,7,4,4,0,2.0,1.0,1
Northern,2004,8,5,5,1,4.0,0.0,1
Northern,2004,9,3,0,1,5.0,1.0,1
Northern,2004,10,1,0,0,3.0,1.0,0
Northern,2004,11,4,3,0,1.0,0.0,1
Northern,2004,12,2,3,0,4.0,0.0,0
Northern,2005,1,4,1,2,2.0,0.0,1
Northern,2005,2,1,0,1,4.0,2.0,0
Northern,2005,3,1,0,0,1.0,1.0,0
Northern,2005,4,4,0,1,1.0,0.0,1
Northern,2005,5,1,0,0,4.0,1.0,0
Northern,2005,6,2,0,0,1.0,0.0,0
Northern,2005,7,3,3,1,2.0,0.0,1
Northern,2005,8,1,0,0,3.0,1.0,0
Northern,2005,9,5,1,1,1.0,0.0,1
Northern,2005,10,3,0,1,5.0,1.0,1
Northern,2005,11,3,4,0,3.0,1.0,1
Northern,2005,12,7,6,0,3.0,0.0,1
Northern,2006,1,2,2,0,7.0,0.0,0
Northern,2006,2,4,3,0,2.0,0.0,1
Northern,2006,3,6,0,1,4.0,0.0,1
Northern,2006,4,4,0,0,6.0,1.0,1
Northern,2006,5,3,1,0,4.0,0.0,1
Northern,2006,6,2,0,0,3.0,0.0,0
Northern,2006,8,6,1,1,2.0,0.0,1
Northern,2006,9,5,2,0,6.0,1.0,1
Northern,2006,10,3,3,0,5.0,0.0,1
Northern,2006,11,2,2,0,3.0,0.0,0
Northern,2006,12,2,0,0,2.0,0.0,0
Northern,2007,1,4,7,1,2.0,0.0,1
Northern,2007,3,1,0,0,4.0,1.0,0
Northern,2007,4,2,0,0,1.0,0.0,0
Northern,2007,5,1,0,0,2.0,0.0,0
Northern,2007,6,3,1,0,1.0,0.0,1
Northern,2007,7,2,0,0,3.0,0.0,0
Northern,2007,8,1,0,0,2.0,0.0,0
Northern,2007,9,2,0,0,1.0,0.0,0
Northern,2007,10,1,0,0,2.0,0.0,0
Northern,2007,11,1,2,0,1.0,0.0,0
Northern,2007,12,2,0,1,1.0,0.0,0
Northern,2008,1,6,0,2,2.0,1.0,1
Northern,2008,2,4,0,0,6.0,2.0,1
Northern,2008,3,6,3,0,4.0,0.0,1
Northern,2008,4,4,2,1,6.0,0.0,1
Northern,2008,5,6,2,0,4.0,1.0,1
Northern,2008,6,8,3,0,6.0,0.0,1
Northern,2008,7,7,3,1,8.0,0.0,1
Northern,2008,8,3,0,1,7.0,1.0,1
Northern,2008,9,5,3,0,3.0,1.0,1
Northern,2008,10,7,3,0,5.0,0.0,1
Northern,2008,11,11,6,0,7.0,0.0,1
Northern,2008,12,7,0,1,11.0,0.0,1
Northern,2009,1,6,0,1,7.0,1.0,1
Northern,2009,2,2,0,0,6.0,1.0,0
Northern,2009,3,3,1,0,2.0,0.0,1
Northern,2009,5,2,3,1,3.0,0.0,0
Northern,2009,6,2,0,0,2.0,1.0,0
Northern,2009,7,2,3,0,2.0,0.0,0
Northern,2009,8,6,3,1,2.0,0.0,1
Northern,2009,9,3,1,0,6.0,1.0,1
Northern,2009,10,3,3,0,3.0,0.0,1
Northern,2009,11,4,3,0,3.0,0.0,1
Northern,2009,12,3,1,0,4.0,0.0,1
Northern,2010,1,2,2,0,3.0,0.0,0
Northern,2010,2,3,2,0,2.0,0.0,1
Northern,2010,3,1,0,1,3.0,0.0,0
Northern,2010,4,1,0,0,1.0,1.0,0
Northern,2010,5,1,0,0,1.0,0.0,0
Northern,2010,6,2,0,0,1.0,0.0,0
Northern,2010,7,2,0,0,2.0,0.0,0
Northern,2010,8,1,1,0,2.0,0.0,0
Northern,2010,9,1,1,0,1.0,0.0,0
Northern,2010,10,4,0,1,1.0,0.0,1
Northern,2010,11,5,2,0,4.0,1.0,1
Northern,2010,12,2,1,0,5.0,0.0,0
Northern,2011,1,4,1,0,2.0,0.0,1
Northern,2011,2,1,0,0,4.0,0.0,0
Northern,2011,3,2,1,1,1.0,0.0,0
Northern,2011,5,3,3,0,2.0,1.0,1
Northern,2011,6,2,0,0,3.0,0.0,0
Northern,2011,7,7,0,0,2.0,0.0,1
Northern,2011,9,1,0,0,7.0,0.0,0
Northern,2011,10,2,3,0,1.0,0.0,0
Northern,2011,11,3,0,1,2.0,0.0,1
Northern,2011,12,2,3,0,3.0,1.0,0
Northern,2012,1,3,3,0,2.0,0.0,1
Northern,2012,2,4,0,1,3.0,0.0,1
Northern,2012,3,5,4,0,4.0,1.0,1
Northern,2012,4,4,0,2,5.0,0.0,1
Northern,2012,5,3,1,0,4.0,2.0,1
Northern,2012,6,4,2,0,3.0,0.0,1
Northern,2012,7,5,0,1,4.0,0.0,1
Northern,2012,8,5,0,2,5.0,1.0,1
Northern,2012,9,5,6,1,5.0,2.0,1
Northern,2012,10,3,0,0,5.0,1.0,1
Northern,2012,11,5,0,1,3.0,0.0,1
Northern,2012,12,4,5,0,5.0,1.0,1
Northern,2013,1,2,0,0,4.0,0.0,0
Northern,2013,2,3,1,0,2.0,0.0,1
Northern,2013,3,1,0,0,3.0,0.0,0
Northern,2013,4,3,1,0,1.0,0.0,1
Northern,2013,5,1,0,0,3.0,0.0,0
Northern,2013,6,4,0,0,1.0,0.0,1
Northern,2013,7,4,0,0,4.0,0.0,1
Northern,2013,8,2,0,0,4.0,0.0,0
Northern,2013,9,3,0,1,2.0,0.0,1
Northern,2013,10,5,2,0,3.0,1.0,1
Northern,2013,11,3,0,0,5.0,0.0,1
Northern,2013,12,1,0,0,3.0,0.0,0
Northern,2014,1,4,1,1,1.0,0.0,1
Northern,2014,2,3,3,0,4.0,1.0,1
Northern,2014,3,2,0,0,3.0,0.0,0
Northern,2014,4,3,0,1,2.0,0.0,1
Northern,2014,5,1,0,0,3.0,1.0,0
Northern,2014,6,2,0,0,1.0,0.0,0
Northern,2014,7,5,6,2,2.0,0.0,1
Northern,2014,8,1,1,0,5.0,2.0,0
Northern,2014,9,3,1,0,1.0,0.0,1
Northern,2014,10,2,0,1,3.0,0.0,0
Northern,2014,11,5,0,1,2.0,1.0,1
Northern,2015,1,3,0,0,5.0,1.0,1
Northern,2015,2,1,0,0,3.0,0.0,0
Northern,2015,4,2,1,0,1.0,0.0,0
Northern,2015,5,3,0,0,2.0,0.0,1
Northern,2015,6,4,5,0,3.0,0.0,1
Northern,2015,7,4,0,0,4.0,0.0,1
Northern,2015,8,2,2,0,4.0,0.0,0
Northern,2015,9,5,2,1,2.0,0.0,1
Northern,2015,10,5,3,0,5.0,1.0,1
Northern,2015,11,4,0,1,5.0,0.0,1
Northern,2015,12,6,4,2,4.0,1.0,1
Northern,2016,1,3,2,1,6.0,2.0,1
Northern,2016,2,4,2,2,3.0,1.0,1
Northern,2016,3,7,4,1,4.0,2.0,1
Northern,2016,4,4,1,0,7.0,1.0,1
Northern,2016,5,8,11,0,4.0,0.0,1
Northern,2016,6,4,1,0,8.0,0.0,1
Northern,2016,7,4,0,0,4.0,0.0,1
Northern,2016,8,2,0,1,4.0,0.0,0
Northern,2016,9,4,4,1,2.0,1.0,1
Northern,2016,10,2,0,0,4.0,1.0,0
Northern,2016,11,8,0,2,2.0,0.0,1
Northern,2016,12,4,0,0,8.0,2.0,1
Northern,2017,1,5,2,0,4.0,0.0,1
Northern,2017,3,1,0,1,5.0,0.0,0
Northern,2017,4,2,0,0,1.0,1.0,0
Northern,2017,5,5,0,0,2.0,0.0,1
Northern,2017,6,2,1,0,5.0,0.0,0
Northern,2017,7,3,4,0,2.0,0.0,1
Northern,2017,8,2,0,1,3.0,0.0,0
Northern,2017,9,4,0,0,2.0,1.0,1
Northern,2017,10,4,0,1,4.0,0.0,1
Northern,2017,11,2,0,0,4.0,1.0,0
Northern,2017,12,5,6,0,2.0,0.0,1
Northern,2018,1,4,0,1,5.0,0.0,1
Northern,2018,2,2,1,0,4.0,1.0,0
Northern,2018,3,4,6,0,2.0,0.0,1
Northern,2018,4,2,0,0,4.0,0.0,0
Northern,2018,5,2,3,0,2.0,0.0,0
Northern,2018,6,3,0,0,2.0,0.0,1
Northern,2018,7,2,3,1,3.0,0.0,0
Northern,2018,8,3,1,1,2.0,1.0,1
Northern,2018,9,4,0,0,3.0,1.0,1
Northern,2018,10,2,1,0,4.0,0.0,0
Northern,2018,11,3,1,0,2.0,0.0,1
Northern,2018,12,1,0,0,3.0,0.0,0
Northern,2019,1,4,2,1,1.0,0.0,1
Northern,2019,2,4,2,0,4.0,1.0,1
Northern,2019,3,4,2,0,4.0,0.0,1
Northern,2019,4,1,0,1,4.0,0.0,0
Northern,2019,5,4,0,2,1.0,1.0,1
Northern,2019,6,5,3,0,4.0,2.0,1
Northern,2019,7,1,1,0,5.0,0.0,0
Northern,2019,8,1,0,0,1.0,0.0,0
Northern,2019,10,1,1,0,1.0,0.0,0
Northern,2019,11,4,0,1,1.0,0.0,1
Northern,2019,12,2,2,0,4.0,1.0,0
Northern,2020,1,6,2,2,2.0,0.0,1
Northern,2020,2,6,7,0,6.0,2.0,1
Northern,2020,3,2,0,0,6.0,0.0,0
Northern,2020,4,5,1,0,2.0,0.0,1
Northern,2020,5,3,0,0,5.0,0.0,1
Northern,2020,6,9,3,0,3.0,0.0,1
Northern,2020,7,3,0,1,9.0,0.0,1
Northern,2020,8,6,6,1,3.0,1.0,1
Northern,2020,9,3,4,1,6.0,1.0,1
Northern,2020,10,5,0,1,3.0,1.0,1
Northern,2020,11,6,1,1,5.0,1.0,1
Northern,2020,12,7,2,2,6.0,1.0,1
Northern,2021,1,2,0,0,7.0,2.0,0
Northern,2021,3,2,0,0,2.0,0.0,0
Northern,2021,4,7,0,3,2.0,0.0,1
Northern,2021,5,1,2,0,7.0,3.0,0
Northern,2021,6,2,0,0,1.0,0.0,0
Northern,2021,7,4,0,1,2.0,0.0,1
Northern,2021,8,1,0,0,4.0,1.0,0
Northern,2021,9,3,0,0,1.0,0.0,1
Northern,2021,10,1,0,1,3.0,0.0,0
Northern,2021,11,1,0,0,1.0,1.0,0
Northern,2021,12,5,1,0,1.0,0.0,1
Northern,2022,1,7,0,1,5.0,0.0,1
Northern,2022,2,4,8,0,7.0,1.0,1
Northern,2022,3,6,3,0,4.0,0.0,1
Northern,2022,5,4,2,1,6.0,0.0,1
Northern,2022,6,7,3,0,4.0,1.0,1
Northern,2022,7,4,0,0,7.0,0.0,1
Northern,2022,8,3,0,1,4.0,0.0,1
Northern,2022,9,4,0,0,3.0,1.0,1
Northern,2022,10,2,3,0,4.0,0.0,0
Northern,2022,11,4,0,0,2.0,0.0,1
Northern,2022,12,7,1,3,4.0,0.0,1
Northern,2023,1,13,5,0,7.0,3.0,1
Northern,2023,2,3,1,1,13.0,0.0,1
Northern,2023,3,9,5,0,3.0,1.0,1
Northern,2023,4,5,3,1,9.0,0.0,1
Northern,2023,5,6,5,0,5.0,1.0,1
Northern,2023,6,4,2,1,6.0,0.0,1
Northern,2023,7,7,3,1,4.0,1.0,1
Northern,2023,8,3,4,0,7.0,1.0,1
Northern,2023,9,7,1,1,3.0,0.0,1
Northern,2023,10,6,4,1,7.0,1.0,1
Northern,2023,11,9,12,1,6.0,1.0,1
Northern,2023,12,8,4,0,9.0,1.0,1
Northern,2024,2,2,0,0,8.0,0.0,0
Northern,2024,3,3,0,0,2.0,0.0,1
Northern,2024,4,1,5,0,3.0,0.0,0
Northern,2024,5,1,0,0,1.0,0.0,0
Northern,2024,6,3,0,1,1.0,0.0,1
Northern,2024,8,3,1,0,3.0,1.0,1
Northern,2024,9,1,0,0,3.0,0.0,0
Northern,2024,10,3,7,0,1.0,0.0,1
Northern,2024,11,3,2,0,3.0,0.0,1
Oti,2003,1,1,5,0,0.0,0.0,0
Oti,2003,2,1,0,0,1.0,0.0,0
Oti,2003,4,3,2,0,1.0,0.0,1
Oti,2003,5,2,0,0,3.0,0.0,0
Oti,2003,6,1,1,0,2.0,0.0,0
Oti,2003,7,1,0,0,1.0,0.0,0
Oti,2003,9,2,0,0,1.0,0.0,0
Oti,2003,12,3,4,0,2.0,0.0,1
Oti,2004,1,3,1,0,3.0,0.0,1
Oti,2004,3,1,0,0,3.0,0.0,0
Oti,2004,4,2,0,0,1.0,0.0,0
Oti,2004,5,1,3,0,2.0,0.0,0
Oti,2004,6,3,5,0,1.0,0.0,1
Oti,2004,8,1,0,0,3.0,0.0,0
Oti,2004,9,3,2,0,1.0,0.0,1
Oti,2004,10,2,2,1,3.0,0.0,0
Oti,2004,11,1,0,0,2.0,1.0,0
Oti,2004,12,3,0,1,1.0,0.0,1
Oti,2005,1,2,0,0,3.0,1.0,0
Oti,2005,3,3,1,1,2.0,0.0,1
Oti,2005,4,2,0,0,3.0,1.0,0
Oti,2005,6,2,0,2,2.0,0.0,0
Oti,2005,7,1,0,0,2.0,2.0,0
Oti,2005,8,2,0,0,1.0,0.0,0
Oti,2005,10,1,0,0,2.0,0.0,0
Oti,2005,11,3,3,0,1.0,0.0,1
Oti,2005,12,1,0,0,3.0,0.0,0
Oti,2006,1,2,1,0,1.0,0.0,0
Oti,2006,3,2,2,0,2.0,0.0,0
Oti,2006,4,1,2,0,2.0,0.0,0
Oti,2006,6,1,0,0,1.0,0.0,0
Oti,2006,8,3,2,0,1.0,0.0,1
Oti,2006,9,1,0,0,3.0,0.0,0
Oti,2006,10,1,0,1,1.0,0.0,0
Oti,2006,12,2,2,0,1.0,1.0,0
Oti,2007,1,2,0,1,2.0,0.0,0
Oti,2007,2,2,0,1,2.0,1.0,0
Oti,2007,3,2,0,0,2.0,1.0,0
Oti,2007,6,2,4,0,2.0,0.0,0
Oti,2007,9,1,0,0,2.0,0.0,0
Oti,2007,10,2,0,0,1.0,0.0,0
Oti,2007,11,2,0,1,2.0,0.0,0
Oti,2007,12,3,0,0,2.0,1.0,1
Oti,2008,1,4,1,0,3.0,0.0,1
Oti,2008,2,2,0,0,4.0,0.0,0
Oti,2008,3,3,0,1,2.0,0.0,1
Oti,2008,4,4,3,0,3.0,1.0,1
Oti,2008,5,5,3,2,4.0,0.0,1
Oti,2008,6,5,1,0,5.0,2.0,1
Oti,2008,7,3,2,1,5.0,0.0,1
Oti,2008,8,4,1,0,3.0,1.0,1
Oti,2008,9,3,0,1,4.0,0.0,1
Oti,2008,10,1,0,0,3.0,1.0,0
Oti,2008,11,2,2,0,1.0,0.0,0
Oti,2008,12,6,2,1,2.0,0.0,1
Oti,2009,1,1,0,0,6.0,1.0,0
Oti,2009,2,2,0,0,1.0,0.0,0
Oti,2009,4,4,0,0,2.0,0.0,1
Oti,2009,5,2,1,0,4.0,0.0,0
Oti,2009,7,1,1,0,2.0,0.0,0
Oti,2009,9,2,4,0,1.0,0.0,0
Oti,2009,10,1,0,1,2.0,0.0,0
Oti,2010,1,1,0,0,1.0,1.0,0
Oti,2010,3,3,3,1,1.0,0.0,1
Oti,2010,5,3,5,0,3.0,1.0,1
Oti,2010,7,2,1,0,3.0,0.0,0
Oti,2010,8,1,0,0,2.0,0.0,0
Oti,2010,9,2,2,0,1.0,0.0,0
Oti,2010,10,1,0,0,2.0,0.0,0
Oti,2010,11,1,0,0,1.0,0.0,0
Oti,2010,12,1,0,0,1.0,0.0,0
Oti,2011,1,3,2,0,1.0,0.0,1
Oti,2011,4,1,0,0,3.0,0.0,0
Oti,2011,6,2,0,0,1.0,0.0,0
Oti,2011,8,3,0,1,2.0,0.0,1
Oti,2011,10,1,1,0,3.0,1.0,0
Oti,2011,11,1,0,0,1.0,0.0,0
Oti,2012,1,3,0,1,1.0,0.0,1
Oti,2012,3,5,0,0,3.0,1.0,1
Oti,2012,4,3,3,0,5.0,0.0,1
Oti,2012,5,2,0,1,3.0,0.0,0
Oti,2012,6,2,2,1,2.0,1.0,0
Oti,2012,7,1,0,0,2.0,1.0,0
Oti,2012,8,4,3,0,1.0,0.0,1
Oti,2012,9,2,2,0,4.0,0.0,0
Oti,2012,10,4,2,0,2.0,0.0,1
Oti,2012,11,3,3,0,4.0,0.0,1
Oti,2012,12,6,3,1,3.0,0.0,1
Oti,2013,1,1,2,0,6.0,1.0,0
Oti,2013,2,3,0,0,1.0,0.0,1
Oti,2013,3,2,0,0,3.0,0.0,0
Oti,2013,4,1,0,0,2.0,0.0,0
Oti,2013,7,1,0,0,1.0,0.0,0
Oti,2013,11,1,0,0,1.0,0.0,0
Oti,2013,12,1,2,0,1.0,0.0,0
Oti,2014,2,2,0,1,1.0,0.0,0
Oti,2014,3,1,0,0,2.0,1.0,0
Oti,2014,4,3,0,0,1.0,0.0,1
Oti,2014,5,1,0,0,3.0,0.0,0
Oti,2014,7,3,1,0,1.0,0.0,1
Oti,2014,8,2,2,0,3.0,0.0,0
Oti,2014,10,1,0,0,2.0,0.0,0
Oti,2014,11,2,1,1,1.0,0.0,0
Oti,2014,12,4,6,0,2.0,1.0,1
Oti,2015,2,2,3,0,4.0,0.0,0
Oti,2015,3,1,0,0,2.0,0.0,0
Oti,2015,4,2,3,0,1.0,0.0,0
Oti,2015,5,1,0,0,2.0,0.0,0
Oti,2015,6,2,3,1,1.0,0.0,0
Oti,2015,8,1,0,0,2.0,1.0,0
Oti,2015,11,1,0,0,1.0,0.0,0
Oti,2015,12,1,2,0,1.0,0.0,0
Oti,2016,1,2,0,0,1.0,0.0,0
Oti,2016,3,1,0,0,2.0,0.0,0
Oti,2016,4,5,3,1,1.0,0.0,1
Oti,2016,5,1,0,0,5.0,1.0,0
Oti,2016,6,1,0,0,1.0,0.0,0
Oti,2016,7,5,1,0,1.0,0.0,1
Oti,2016,9,1,0,0,5.0,0.0,0
Oti,2016,10,2,2,0,1.0,0.0,0
Oti,2016,11,1,2,0,2.0,0.0,0
Oti,2016,12,4,2,1,1.0,0.0,1
Oti,2017,1,6,1,0,4.0,1.0,1
Oti,2017,2,1,2,0,6.0,0.0,0
Oti,2017,3,3,0,1,1.0,0.0,1
Oti,2017,5,2,0,0,3.0,1.0,0
Oti,2017,7,1,0,0,2.0,0.0,0
Oti,2017,12,2,0,0,1.0,0.0,0
Oti,2018,1,3,1,0,2.0,0.0,1
Oti,2018,2,2,0,2,3.0,0.0,0
Oti,2018,4,3,2,0,2.0,2.0,1
Oti,2018,5,1,0,1,3.0,0.0,0
Oti,2018,6,3,0,0,1.0,1.0,1
Oti,2018,8,1,0,0,3.0,0.0,0
Oti,2018,9,2,3,0,1.0,0.0,0
Oti,2018,10,1,0,0,2.0,0.0,0
Oti,2018,12,3,1,1,1.0,0.0,1
Oti,2019,3,2,0,0,3.0,1.0,0
Oti,2019,4,1,2,0,2.0,0.0,0
Oti,2019,5,1,1,0,1.0,0.0,0
Oti,2019,6,2,0,0,1.0,0.0,0
Oti,2019,8,1,0,0,2.0,0.0,0
Oti,2019,9,1,0,0,1.0,0.0,0
Oti,2019,10,1,0,0,1.0,0.0,0
Oti,2019,12,1,0,1,1.0,0.0,0
Oti,2020,1,5,4,0,1.0,1.0,1
Oti,2020,2,5,0,1,5.0,0.0,1
Oti,2020,3,2,2,0,5.0,1.0,0
Oti,2020,5,1,0,0,2.0,0.0,0
Oti,2020,6,3,2,0,1.0,0.0,1
Oti,2020,7,4,2,0,3.0,0.0,1
Oti,2020,8,3,0,0,4.0,0.0,1
Oti,2020,9,2,0,1,3.0,0.0,0
Oti,2020,11,2,0,0,2.0,1.0,0
Oti,2020,12,2,0,0,2.0,0.0,0
Oti,2021,1,4,5,1,2.0,0.0,1
Oti,2021,2,3,2,0,4.0,1.0,1
Oti,2021,3,1,3,0,3.0,0.0,0
Oti,2021,4,3,1,1,1.0,0.0,1
Oti,2021,7,3,0,0,3.0,1.0,1
Oti,2021,8,3,1,0,3.0,0.0,1
Oti,2021,10,2,1,1,3.0,0.0,0
Oti,2021,11,2,0,0,2.0,1.0,0
Oti,2022,1,1,2,0,2.0,0.0,0
Oti,2022,2,5,0,0,1.0,0.0,1
Oti,2022,3,6,1,0,5.0,0.0,1
Oti,2022,4,3,2,0,6.0,0.0,1
Oti,2022,5,3,0,1,3.0,0.0,1
Oti,2022,6,1,0,0,3.0,1.0,0
Oti,2022,7,5,8,0,1.0,0.0,1
Oti,2022,8,1,0,0,5.0,0.0,0
Oti,2022,9,2,2,0,1.0,0.0,0
Oti,2022,10,1,0,0,2.0,0.0,0
Oti,2022,11,5,0,2,1.0,0.0,1
Oti,2022,12,5,5,1,5.0,2.0,1
Oti,2023,1,2,0,0,5.0,1.0,0
Oti,2023,2,2,0,0,2.0,0.0,0
Oti,2023,3,4,2,0,2.0,0.0,1
Oti,2023,4,3,0,1,4.0,0.0,1
Oti,2023,5,4,0,1,3.0,1.0,1
Oti,2023,6,2,0,0,4.0,1.0,0
Oti,2023,7,3,0,0,2.0,0.0,1
Oti,2023,8,2,1,0,3.0,0.0,0
Oti,2023,9,2,1,0,2.0,0.0,0
Oti,2023,10,3,0,0,2.0,0.0,1
Oti,2023,11,2,2,0,3.0,0.0,0
Oti,2023,12,5,0,0,2.0,0.0,1
Oti,2024,1,2,0,0,5.0,0.0,0
Oti,2024,2,2,3,0,2.0,0.0,0
Oti,2024,3,1,0,0,2.0,0.0,0
Oti,2024,4,2,0,0,1.0,0.0,0
Oti,2024,6,2,3,1,2.0,0.0,0
Oti,2024,7,1,0,0,2.0,1.0,0
Oti,2024,8,1,0,0,1.0,0.0,0
Oti,2024,9,3,0,1,1.0,0.0,1
Oti,2024,10,1,1,0,3.0,1.0,0
Oti,2024,11,2,0,0,1.0,0.0,0
Oti,2024,12,3,4,0,2.0,0.0,1
Savannah,2003,1,4,0,1,0.0,0.0,1
Savannah,2003,2,2,0,0,4.0,1.0,0
Savannah,2003,4,2,0,0,2.0,0.0,0
Savannah,2003,5,1,4,0,2.0,0.0,0
Savannah,2003,6,6,0,0,1.0,0.0,1
Savannah,2003,7,1,1,0,6.0,0.0,0
Savannah,2003,8,2,0,0,1.0,0.0,0
Savannah,2003,9,3,1,0,2.0,0.0,1
Savannah,2003,10,1,0,0,3.0,0.0,0
Savannah,2003,11,2,0,0,1.0,0.0,0
Savannah,2003,12,4,5,0,2.0,0.0,1
Savannah,2004,1,1,1,0,4.0,0.0,0
Savannah,2004,2,1,2,0,1.0,0.0,0
Savannah,2004,3,5,3,1,1.0,0.0,1
Savannah,2004,4,2,1,0,5.0,1.0,0
Savannah,2004,5,3,0,0,2.0,0.0,1
Savannah,2004,6,3,6,0,3.0,0.0,1
Savannah,2004,8,4,2,0,3.0,0.0,1
Savannah,2004,9,2,3,0,4.0,0.0,0
Savannah,2004,10,3,0,0,2.0,0.0,1
Savannah,2004,11,2,0,0,3.0,0.0,0
Savannah,2004,12,3,1,0,2.0,0.0,1
Savannah,2005,1,3,0,0,3.0,0.0,1
Savannah,2005,2,3,0,0,3.0,0.0,1
Savannah,2005,3,3,1,0,3.0,0.0,1
Savannah,2005,4,3,0,1,3.0,0.0,1
Savannah,2005,5,1,0,0,3.0,1.0,0
Savannah,2005,7,2,1,0,1.0,0.0,0
Savannah,2005,8,1,0,0,2.0,0.0,0
Savannah,2005,9,1,0,1,1.0,0.0,0
Savannah,2005,11,2,0,1,1.0,1.0,0
Savannah,2005,12,3,0,0,2.0,1.0,1
Savannah,2006,1,5,1,0,3.0,0.0,1
Savannah,2006,2,4,9,0,5.0,0.0,1
Savannah,2006,3,2,3,0,4.0,0.0,0
Savannah,2006,4,3,0,1,2.0,0.0,1
Savannah,2006,5,2,3,0,3.0,1.0,0
Savannah,2006,6,3,0,0,2.0,0.0,1
Savannah,2006,7,2,0,0,3.0,0.0,0
Savannah,2006,9,4,1,0,2.0,0.0,1
Savannah,2006,10,1,0,0,4.0,0.0,0
Savannah,2006,11,4,4,0,1.0,0.0,1
Savannah,2006,12,2,2,0,4.0,0.0,0
Savannah,2007,1,3,0,1,2.0,0.0,1
Savannah,2007,2,1,1,0,3.0,1.0,0
Savannah,2007,3,1,0,0,1.0,0.0,0
Savannah,2007,5,2,0,0,1.0,0.0,0
Savannah,2007,6,3,3,0,2.0,0.0,1
Savannah,2007,7,1,2,0,3.0,0.0,0
Savannah,2007,8,1,0,0,1.0,0.0,0
Savannah,2007,9,3,6,1,1.0,0.0,1
Savannah,2007,10,1,0,0,3.0,1.0,0
Savannah,2007,11,3,3,1,1.0,0.0,1
Savannah,2007,12,3,1,1,3.0,1.0,1
Savannah,2008,1,6,7,0,3.0,1.0,1
Savannah,2008,2,6,0,1,6.0,0.0,1
Savannah,2008,3,3,2,0,6.0,1.0,1
Savannah,2008,4,5,2,1,3.0,0.0,1
Savannah,2008,5,6,10,0,5.0,1.0,1
Savannah,2008,6,6,1,0,6.0,0.0,1
Savannah,2008,7,7,3,1,6.0,0.0,1
Savannah,2008,8,6,2,0,7.0,1.0,1
Savannah,2008,9,6,0,1,6.0,0.0,1
Savannah,2008,10,7,3,2,6.0,1.0,1
Savannah,2008,11,3,3,0,7.0,2.0,1
Savannah,2008,12,5,1,2,3.0,0.0,1
Savannah,2009,1,1,0,1,5.0,2.0,0
Savannah,2009,2,2,0,0,1.0,1.0,0
Savannah,2009,3,2,0,1,2.0,0.0,0
Savannah,2009,4,3,4,0,2.0,1.0,1
Savannah,2009,5,2,5,0,3.0,0.0,0
Savannah,2009,6,1,0,0,2.0,0.0,0
Savannah,2009,7,3,0,0,1.0,0.0,1
Savannah,2009,8,3,0,1,3.0,0.0,1
Savannah,2009,10,3,1,1,3.0,1.0,1
Savannah,2009,11,1,2,0,3.0,1.0,0
Savannah,2009,12,1,0,1,1.0,0.0,0
Savannah,2010,1,4,3,0,1.0,1.0,1
Savannah,2010,2,5,1,0,4.0,0.0,1
Savannah,2010,4,3,2,0,5.0,0.0,1
Savannah,2010,5,5,2,0,3.0,0.0,1
Savannah,2010,6,1,0,0,5.0,0.0,0
Savannah,2010,7,2,0,0,1.0,0.0,0
Savannah,2010,8,5,1,1,2.0,0.0,1
Savannah,2010,10,1,0,0,5.0,1.0,0
Savannah,2010,11,1,0,1,1.0,0.0,0
Savannah,2010,12,6,4,0,1.0,1.0,1
Savannah,2011,1,3,5,0,6.0,0.0,1
Savannah,2011,3,2,2,0,3.0,0.0,0
Savannah,2011,4,4,0,1,2.0,0.0,1
Savannah,2011,5,1,3,0,4.0,1.0,0
Savannah,2011,6,3,1,0,1.0,0.0,1
Savannah,2011,7,4,0,0,3.0,0.0,1
Savannah,2011,8,2,0,2,4.0,0.0,0
Savannah,2011,9,3,1,0,2.0,2.0,1
Savannah,2011,10,5,6,1,3.0,0.0,1
Savannah,2011,11,5,0,0,5.0,1.0,1
Savannah,2011,12,5,0,2,5.0,0.0,1
Savannah,2012,1,3,0,0,5.0,2.0,1
Savannah,2012,2,2,0,1,3.0,0.0,0
Savannah,2012,3,6,4,1,2.0,1.0,1
Savannah,2012,4,5,3,1,6.0,1.0,1
Savannah,2012,5,6,3,1,5.0,1.0,1
Savannah,2012,6,5,1,0,6.0,1.0,1
Savannah,2012,7,3,1,0,5.0,0.0,1
Savannah,2012,8,2,1,0,3.0,0.0,0
Savannah,2012,9,6,5,0,2.0,0.0,1
Savannah,2012,10,4,1,2,6.0,0.0,1
Savannah,2012,11,8,5,0,4.0,2.0,1
Savannah,2012,12,7,2,2,8.0,0.0,1
Savannah,2013,1,4,4,1,7.0,2.0,1
Savannah,2013,2,1,1,0,4.0,1.0,0
Savannah,2013,3,2,0,1,1.0,0.0,0
Savannah,2013,4,1,0,0,2.0,1.0,0
Savannah,2013,5,2,1,1,1.0,0.0,0
Savannah,2013,7,2,1,0,2.0,1.0,0
Savannah,2013,8,5,5,1,2.0,0.0,1
Savannah,2013,9,1,2,0,5.0,1.0,0
Savannah,2013,10,3,3,0,1.0,0.0,1
Savannah,2013,12,5,2,0,3.0,0.0,1
Savannah,2014,1,4,4,1,5.0,0.0,1
Savannah,2014,2,1,1,0,4.0,1.0,0
Savannah,2014,3,5,1,0,1.0,0.0,1
Savannah,2014,4,4,0,0,5.0,0.0,1
Savannah,2014,5,2,1,0,4.0,0.0,0
Savannah,2014,6,4,0,0,2.0,0.0,1
Savannah,2014,7,2,3,0,4.0,0.0,0
Savannah,2014,9,3,3,2,2.0,0.0,1
Savannah,2014,11,2,0,0,3.0,2.0,0
Savannah,2014,12,2,0,0,2.0,0.0,0
Savannah,2015,1,2,2,0,2.0,0.0,0
Savannah,2015,2,3,3,1,2.0,0.0,1
Savannah,2015,4,5,4,2,3.0,1.0,1
Savannah,2015,5,5,5,0,5.0,2.0,1
Savannah,2015,6,2,0,0,5.0,0.0,0
Savannah,2015,7,2,1,0,2.0,0.0,0
Savannah,2015,8,2,0,0,2.0,0.0,0
Savannah,2015,9,3,2,1,2.0,0.0,1
Savannah,2015,10,5,3,1,3.0,1.0,1
Savannah,2015,11,2,0,1,5.0,1.0,0
Savannah,2015,12,4,2,0,2.0,1.0,1
Savannah,2016,1,2,0,0,4.0,0.0,0
Savannah,2016,2,3,0,1,2.0,0.0,1
Savannah,2016,3,4,1,0,3.0,1.0,1
Savannah,2016,4,2,0,0,4.0,0.0,0
Savannah,2016,5,5,0,0,2.0,0.0,1
Savannah,2016,6,1,1,0,5.0,0.0,0
Savannah,2016,7,5,1,2,1.0,0.0,1
Savannah,2016,8,3,0,1,5.0,2.0,1
Savannah,2016,9,3,4,0,3.0,1.0,1
Savannah,2016,10,9,1,0,3.0,0.0,1
Savannah,2016,11,3,3,0,9.0,0.0,1
Savannah,2016,12,3,0,0,3.0,0.0,1
Savannah,2017,1,4,2,0,3.0,0.0,1
Savannah,2017,3,1,0,0,4.0,0.0,0
Savannah,2017,4,3,4,0,1.0,0.0,1
Savannah,2017,5,4,2,0,3.0,0.0,1
Savannah,2017,7,2,0,1,4.0,0.0,0
Savannah,2017,8,2,0,1,2.0,1.0,0
Savannah,2017,9,1,0,0,2.0,1.0,0
Savannah,2017,10,1,0,0,1.0,0.0,0
Savannah,2017,11,5,2,1,1.0,0.0,1
Savannah,2017,12,2,2,1,5.0,1.0,0
Savannah,2018,1,4,0,2,2.0,1.0,1
Savannah,2018,2,2,3,0,4.0,2.0,0
Savannah,2018,3,4,3,0,2.0,0.0,1
Savannah,2018,4,1,3,0,4.0,0.0,0
Savannah,2018,5,5,4,2,1.0,0.0,1
Savannah,2018,6,4,1,0,5.0,2.0,1
Savannah,2018,7,4,0,0,4.0,0.0,1
Savannah,2018,8,4,1,0,4.0,0.0,1
Savannah,2018,9,8,6,1,4.0,0.0,1
Savannah,2018,10,3,2,1,8.0,1.0,1
Savannah,2018,11,1,0,0,3.0,1.0,0
Savannah,2018,12,6,3,0,1.0,0.0,1
Savannah,2019,1,4,0,0,6.0,0.0,1
Savannah,2019,2,2,0,0,4.0,0.0,0
Savannah,2019,3,3,0,0,2.0,0.0,1
Savannah,2019,4,1,0,0,3.0,0.0,0
Savannah,2019,5,6,1,0,1.0,0.0,1
Savannah,2019,6,3,0,0,6.0,0.0,1
Savannah,2019,8,3,3,1,3.0,0.0,1
Savannah,2019,9,2,2,0,3.0,1.0,0
Savannah,2019,10,3,1,1,2.0,0.0,1
Savannah,2019,11,1,0,0,3.0,1.0,0
Savannah,2019,12,4,2,0,1.0,0.0,1
Savannah,2020,1,5,0,0,4.0,0.0,1
Savannah,2020,2,9,0,2,5.0,0.0,1
Savannah,2020,3,3,0,0,9.0,2.0,1
Savannah,2020,4,3,0,1,3.0,0.0,1
Savannah,2020,5,2,0,1,3.0,1.0,0
Savannah,2020,6,5,3,0,2.0,1.0,1
Savannah,2020,7,5,5,0,5.0,0.0,1
Savannah,2020,8,3,3,0,5.0,0.0,1
Savannah,2020,9,6,5,1,3.0,0.0,1
Savannah,2020,10,6,1,0,6.0,1.0,1
Savannah,2020,11,3,1,1,6.0,0.0,1
Savannah,2020,12,3,2,0,3.0,1.0,1
Savannah,2021,1,3,6,0,3.0,0.0,1
Savannah,2021,2,3,3,0,3.0,0.0,1
Savannah,2021,3,3,4,1,3.0,0.0,1
Savannah,2021,4,1,0,0,3.0,1.0,0
Savannah,2021,5,2,2,0,1.0,0.0,0
Savannah,2021,6,4,0,0,2.0,0.0,1
Savannah,2021,7,2,2,1,4.0,0.0,0
Savannah,2021,8,3,2,0,2.0,1.0,1
Savannah,2021,9,3,3,0,3.0,0.0,1
Savannah,2021,10,2,5,0,3.0,0.0,0
Savannah,2021,11,4,0,0,2.0,0.0,1
Savannah,2021,12,1,0,0,4.0,0.0,0
Savannah,2022,1,3,0,1,1.0,0.0,1
Savannah,2022,2,3,4,0,3.0,1.0,1
Savannah,2022,3,5,6,0,3.0,0.0,1
Savannah,2022,4,6,0,2,5.0,0.0,1
Savannah,2022,5,3,0,0,6.0,2.0,1
Savannah,2022,6,6,7,1,3.0,0.0,1
Savannah,2022,7,7,1,1,6.0,1.0,1
Savannah,2022,8,9,6,1,7.0,1.0,1
Savannah,2022,9,4,0,0,9.0,1.0,1
Savannah,2022,10,5,0,1,4.0,0.0,1
Savannah,2022,11,9,6,0,5.0,1.0,1
Savannah,2022,12,4,2,0,9.0,0.0,1
Savannah,2023,1,9,5,0,4.0,0.0,1
Savannah,2023,2,6,2,1,9.0,0.0,1
Savannah,2023,3,8,1,0,6.0,1.0,1
Savannah,2023,4,5,2,1,8.0,0.0,1
Savannah,2023,5,8,0,2,5.0,1.0,1
Savannah,2023,6,7,6,1,8.0,2.0,1
Savannah,2023,7,5,5,1,7.0,1.0,1
Savannah,2023,8,7,3,0,5.0,1.0,1
Savannah,2023,9,3,0,0,7.0,0.0,1
Savannah,2023,10,2,1,0,3.0,0.0,0
Savannah,2023,11,7,6,2,2.0,0.0,1
Savannah,2023,12,8,4,3,7.0,2.0,1
Savannah,2024,1,4,3,0,8.0,3.0,1
Savannah,2024,2,1,3,0,4.0,0.0,0
Savannah,2024,3,4,0,0,1.0,0.0,1
Savannah,2024,4,4,2,0,4.0,0.0,1
Savannah,2024,5,3,0,0,4.0,0.0,1
Savannah,2024,6,3,2,0,3.0,0.0,1
Savannah,2024,7,2,0,1,3.0,0.0,0
Savannah,2024,8,5,2,0,2.0,1.0,1
Savannah,2024,9,3,1,0,5.0,0.0,1
Savannah,2024,10,1,0,0,3.0,0.0,0
Savannah,2024,11,5,0,0,1.0,0.0,1
Savannah,2024,12,2,0,0,5.0,0.0,0
Upper East,2003,1,4,0,2,0.0,0.0,1
Upper East,2003,2,1,1,0,4.0,2.0,0
Upper East,2003,3,3,0,0,1.0,0.0,1
Upper East,2003,4,3,3,0,3.0,0.0,1
Upper East,2003,6,3,0,1,3.0,0.0,1
Upper East,2003,7,4,3,0,3.0,1.0,1
Upper East,2003,8,4,4,2,4.0,0.0,1
Upper East,2003,9,1,0,0,4.0,2.0,0
Upper East,2003,10,3,1,1,1.0,0.0,1
Upper East,2003,11,1,0,0,3.0,1.0,0
Upper East,2003,12,1,0,0,1.0,0.0,0
Upper East,2004,1,2,1,0,1.0,0.0,0
Upper East,2004,2,1,0,0,2.0,0.0,0
Upper East,2004,3,5,0,0,1.0,0.0,1
Upper East,2004,4,2,4,0,5.0,0.0,0
Upper East,2004,5,1,0,0,2.0,0.0,0
Upper East,2004,7,2,3,0,1.0,0.0,0
Upper East,2004,8,2,0,0,2.0,0.0,0
Upper East,2004,9,3,0,0,2.0,0.0,1
Upper East,2004,10,2,0,0,3.0,0.0,0
Upper East,2004,11,3,0,0,2.0,0.0,1
Upper East,2004,12,5,8,0,3.0,0.0,1
Upper East,2005,1,5,6,0,5.0,0.0,1
Upper East,2005,2,2,0,0,5.0,0.0,0
Upper East,2005,5,1,0,0,2.0,0.0,0
Upper East,2005,6,2,4,0,1.0,0.0,0
Upper East,2005,7,1,0,0,2.0,0.0,0
Upper East,2005,8,4,0,1,1.0,0.0,1
Upper East,2005,9,5,1,0,4.0,1.0,1
Upper East,2005,10,4,1,0,5.0,0.0,1
Upper East,2005,11,2,2,0,4.0,0.0,0
Upper East,2005,12,1,0,0,2.0,0.0,0
Upper East,2006,1,4,3,0,1.0,0.0,1
Upper East,2006,2,1,0,0,4.0,0.0,0
Upper East,2006,3,4,4,0,1.0,0.0,1
Upper East,2006,5,2,0,1,4.0,0.0,0
Upper East,2006,6,4,0,0,2.0,1.0,1
Upper East,2006,7,4,6,0,4.0,0.0,1
Upper East,2006,9,2,0,1,4.0,0.0,0
Upper East,2006,10,1,0,1,2.0,1.0,0
Upper East,2006,11,3,0,0,1.0,1.0,1
Upper East,2006,12,6,3,1,3.0,0.0,1
Upper East,2007,1,4,2,0,6.0,1.0,1
Upper East,2007,2,5,1,1,4.0,0.0,1
Upper East,2007,3,3,0,0,5.0,1.0,1
Upper East,2007,5,2,2,0,3.0,0.0,0
Upper East,2007,6,3,3,0,2.0,0.0,1
Upper East,2007,7,3,0,1,3.0,0.0,1
Upper East,2007,9,3,2,0,3.0,1.0,1
Upper East,2007,10,3,1,1,3.0,0.0,1
Upper East,2007,11,2,0,0,3.0,1.0,0
Upper East,2007,12,5,4,0,2.0,0.0,1
Upper East,2008,1,7,3,0,5.0,0.0,1
Upper East,2008,2,5,5,0,7.0,0.0,1
Upper East,2008,3,3,3,1,5.0,0.0,1
Upper East,2008,4,7,5,2,3.0,1.0,1
Upper East,2008,5,6,0,1,7.0,2.0,1
Upper East,2008,6,6,1,0,6.0,1.0,1
Upper East,2008,7,6,2,0,6.0,0.0,1
Upper East,2008,8,6,0,1,6.0,0.0,1
Upper East,2008,9,7,5,0,6.0,1.0,1
Upper East,2008,10,10,6,0,7.0,0.0,1
Upper East,2008,11,9,4,2,10.0,0.0,1
Upper East,2008,12,9,4,0,9.0,2.0,1
Upper East,2009,1,4,0,0,9.0,0.0,1
Upper East,2009,3,5,2,0,4.0,0.0,1
Upper East,2009,4,1,2,0,5.0,0.0,0
Upper East,2009,5,3,0,0,1.0,0.0,1
Upper East,2009,6,2,0,0,3.0,0.0,0
Upper East,2009,7,3,3,0,2.0,0.0,1
Upper East,2009,8,5,0,1,3.0,0.0,1
Upper East,2009,9,5,1,0,5.0,1.0,1
Upper East,2009,10,5,1,1,5.0,0.0,1
Upper East,2009,11,3,0,1,5.0,1.0,1
Upper East,2009,12,4,0,1,3.0,1.0,1
Upper East,2010,1,6,1,0,4.0,1.0,1
Upper East,2010,2,1,1,0,6.0,0.0,0
Upper East,2010,3,3,0,2,1.0,0.0,1
Upper East,2010,4,3,0,0,3.0,2.0,1
Upper East,2010,5,1,0,0,3.0,0.0,0
Upper East,2010,6,1,3,0,1.0,0.0,0
Upper East,2010,7,3,0,0,1.0,0.0,1
Upper East,2010,8,4,2,1,3.0,0.0,1
Upper East,2010,9,1,0,0,4.0,1.0,0
Upper East,2010,10,5,3,0,1.0,0.0,1
Upper East,2010,11,2,4,0,5.0,0.0,0
Upper East,2010,12,4,6,0,2.0,0.0,1
Upper East,2011,1,4,3,0,4.0,0.0,1
Upper East,2011,2,1,2,0,4.0,0.0,0
Upper East,2011,3,1,0,0,1.0,0.0,0
Upper East,2011,4,1,0,0,1.0,0.0,0
Upper East,2011,5,3,2,0,1.0,0.0,1
Upper East,2011,6,2,0,0,3.0,0.0,0
Upper East,2011,7,3,3,0,2.0,0.0,1
Upper East,2011,9,1,0,0,3.0,0.0,0
Upper East,2011,10,1,2,0,1.0,0.0,0
Upper East,2011,11,4,11,0,1.0,0.0,1
Upper East,2011,12,4,9,0,4.0,0.0,1
Upper East,2012,1,6,3,1,4.0,0.0,1
Upper East,2012,2,4,0,0,6.0,1.0,1
Upper East,2012,3,4,0,1,4.0,0.0,1
Upper East,2012,4,1,0,0,4.0,1.0,0
Upper East,2012,5,5,0,0,1.0,0.0,1
Upper East,2012,6,6,5,1,5.0,0.0,1
Upper East,2012,7,7,0,0,6.0,1.0,1
Upper East,2012,8,4,5,1,7.0,0.0,1
Upper East,2012,9,5,0,0,4.0,1.0,1
Upper East,2012,10,5,4,0,5.0,0.0,1
Upper East,2012,11,2,1,0,5.0,0.0,0
Upper East,2012,12,6,6,0,2.0,0.0,1
Upper East,2013,1,2,0,2,6.0,0.0,0
Upper East,2013,2,3,0,0,2.0,2.0,1
Upper East,2013,3,4,0,1,3.0,0.0,1
Upper East,2013,4,3,0,0,4.0,1.0,1
Upper East,2013,5,2,0,0,3.0,0.0,0
Upper East,2013,6,3,0,0,2.0,0.0,1
Upper East,2013,7,1,0,0,3.0,0.0,0
Upper East,2013,8,2,0,0,1.0,0.0,0
Upper East,2013,9,2,0,0,2.0,0.0,0
Upper East,2013,10,4,2,1,2.0,0.0,1
Upper East,2013,11,2,0,1,4.0,1.0,0
Upper East,2013,12,1,0,0,2.0,1.0,0
Upper East,2014,1,5,0,0,1.0,0.0,1
Upper East,2014,2,2,2,0,5.0,0.0,0
Upper East,2014,3,2,0,0,2.0,0.0,0
Upper East,2014,4,1,0,0,2.0,0.0,0
Upper East,2014,5,1,0,0,1.0,0.0,0
Upper East,2014,6,2,4,0,1.0,0.0,0
Upper East,2014,7,2,1,0,2.0,0.0,0
Upper East,2014,8,3,2,0,2.0,0.0,1
Upper East,2014,9,4,2,0,3.0,0.0,1
Upper East,2014,10,4,1,1,4.0,0.0,1
Upper East,2014,11,3,3,0,4.0,1.0,1
Upper East,2014,12,4,2,0,3.0,0.0,1
Upper East,2015,1,4,2,2,4.0,0.0,1
Upper East,2015,2,1,0,0,4.0,2.0,0
Upper East,2015,3,3,1,0,1.0,0.0,1
Upper East,2015,4,2,0,0,3.0,0.0,0
Upper East,2015,5,2,0,0,2.0,0.0,0
Upper East,2015,6,1,0,0,2.0,0.0,0
Upper East,2015,7,2,0,0,1.0,0.0,0
Upper East,2015,8,2,0,0,2.0,0.0,0
Upper East,2015,10,2,0,1,2.0,0.0,0
Upper East,2015,11,3,2,1,2.0,1.0,1
Upper East,2015,12,3,0,3,3.0,1.0,1
Upper East,2016,1,6,0,0,3.0,3.0,1
Upper East,2016,2,7,10,0,6.0,0.0,1
Upper East,2016,3,2,3,1,7.0,0.0,0
Upper East,2016,4,6,5,0,2.0,1.0,1
Upper East,2016,5,4,0,0,6.0,0.0,1
Upper East,2016,6,2,0,1,4.0,0.0,0
Upper East,2016,7,3,3,1,2.0,1.0,1
Upper East,2016,8,8,4,0,3.0,1.0,1
Upper East,2016,9,1,0,0,8.0,0.0,0
Upper East,2016,10,1,0,0,1.0,0.0,0
Upper East,2016,11,3,0,2,1.0,0.0,1
Upper East,2016,12,3,2,0,3.0,2.0,1
Upper East,2017,1,3,1,0,3.0,0.0,1
Upper East,2017,2,2,0,0,3.0,0.0,0
Upper East,2017,3,2,0,0,2.0,0.0,0
Upper East,2017,4,5,2,2,2.0,0.0,1
Upper East,2017,5,1,0,0,5.0,2.0,0
Upper East,2017,6,2,0,0,1.0,0.0,0
Upper East,2017,7,4,2,0,2.0,0.0,1
Upper East,2017,8,4,0,0,4.0,0.0,1
Upper East,2017,9,3,1,0,4.0,0.0,1
Upper East,2017,10,3,0,1,3.0,0.0,1
Upper East,2017,11,6,1,1,3.0,1.0,1
Upper East,2017,12,4,3,1,6.0,1.0,1
Upper East,2018,1,4,0,0,4.0,1.0,1
Upper East,2018,2,5,5,0,4.0,0.0,1
Upper East,2018,3,5,1,1,5.0,0.0,1
Upper East,2018,4,1,0,0,5.0,1.0,0
Upper East,2018,5,1,0,1,1.0,0.0,0
Upper East,2018,6,1,0,0,1.0,1.0,0
Upper East,2018,7,7,4,1,1.0,0.0,1
Upper East,2018,8,2,0,0,7.0,1.0,0
Upper East,2018,9,2,2,0,2.0,0.0,0
Upper East,2018,10,7,5,0,2.0,0.0,1
Upper East,2018,11,2,0,0,7.0,0.0,0
Upper East,2018,12,3,0,1,2.0,0.0,1
Upper East,2019,1,2,0,1,3.0,1.0,0
Upper East,2019,2,1,0,0,2.0,1.0,0
Upper East,2019,3,3,2,1,1.0,0.0,1
Upper East,2019,4,1,0,0,3.0,1.0,0
Upper East,2019,6,1,0,0,1.0,0.0,0
Upper East,2019,7,2,0,1,1.0,0.0,0
Upper East,2019,8,4,4,0,2.0,1.0,1
Upper East,2019,9,2,2,0,4.0,0.0,0
Upper East,2019,10,1,1,0,2.0,0.0,0
Upper East,2019,11,6,4,2,1.0,0.0,1
Upper East,2019,12,2,0,0,6.0,2.0,0
Upper East,2020,1,3,1,1,2.0,0.0,1
Upper East,2020,2,5,3,0,3.0,1.0,1
Upper East,2020,3,3,0,0,5.0,0.0,1
Upper East,2020,4,3,0,0,3.0,0.0,1
Upper East,2020,5,6,0,0,3.0,0.0,1
Upper East,2020,6,4,5,0,6.0,0.0,1
Upper East,2020,7,4,2,0,4.0,0.0,1
Upper East,2020,8,5,1,1,4.0,0.0,1
Upper East,2020,9,4,4,0,5.0,1.0,1
Upper East,2020,10,3,0,0,4.0,0.0,1
Upper East,2020,11,9,3,0,3.0,0.0,1
Upper East,2020,12,4,0,1,9.0,0.0,1
Upper East,2021,1,3,1,0,4.0,1.0,1
Upper East,2021,2,1,0,0,3.0,0.0,0
Upper East,2021,3,1,4,0,1.0,0.0,0
Upper East,2021,4,2,0,0,1.0,0.0,0
Upper East,2021,5,4,3,1,2.0,0.0,1
Upper East,2021,6,4,4,0,4.0,1.0,1
Upper East,2021,7,3,1,0,4.0,0.0,1
Upper East,2021,8,3,0,0,3.0,0.0,1
Upper East,2021,9,3,0,0,3.0,0.0,1
Upper East,2021,10,1,0,0,3.0,0.0,0
Upper East,2021,11,2,0,0,1.0,0.0,0
Upper East,2021,12,4,2,0,2.0,0.0,1
Upper East,2022,1,4,3,0,4.0,0.0,1
Upper East,2022,2,4,3,0,4.0,0.0,1
Upper East,2022,3,5,4,0,4.0,0.0,1
Upper East,2022,4,2,0,0,5.0,0.0,0
Upper East,2022,5,1,0,0,2.0,0.0,0
Upper East,2022,6,2,1,0,1.0,0.0,0
Upper East,2022,7,5,7,1,2.0,0.0,1
Upper East,2022,8,8,8,0,5.0,1.0,1
Upper East,2022,9,5,3,1,8.0,0.0,1
Upper East,2022,10,9,5,1,5.0,1.0,1
Upper East,2022,11,9,1,3,9.0,1.0,1
Upper East,2022,12,4,3,1,9.0,3.0,1
Upper East,2023,1,8,0,1,4.0,1.0,1
Upper East,2023,2,4,0,0,8.0,1.0,1
Upper East,2023,3,9,4,0,4.0,0.0,1
Upper East,2023,4,7,1,1,9.0,0.0,1
Upper East,2023,5,7,7,1,7.0,1.0,1
Upper East,2023,6,8,4,0,7.0,1.0,1
Upper East,2023,7,6,1,1,8.0,0.0,1
Upper East,2023,8,3,0,0,6.0,1.0,1
Upper East,2023,9,4,0,0,3.0,0.0,1
Upper East,2023,10,7,1,2,4.0,0.0,1
Upper East,2023,11,9,2,0,7.0,2.0,1
Upper East,2023,12,7,4,1,9.0,0.0,1
Upper East,2024,1,3,1,0,7.0,1.0,1
Upper East,2024,2,3,0,0,3.0,0.0,1
Upper East,2024,3,1,0,0,3.0,0.0,0
Upper East,2024,4,5,1,1,1.0,0.0,1
Upper East,2024,5,2,0,0,5.0,1.0,0
Upper East,2024,6,1,0,0,2.0,0.0,0
Upper East,2024,7,1,5,0,1.0,0.0,0
Upper East,2024,8,4,1,1,1.0,0.0,1
Upper East,2024,9,3,1,1,4.0,1.0,1
Upper East,2024,10,4,0,1,3.0,1.0,1
Upper East,2024,11,5,0,1,4.0,1.0,1
Upper East,2024,12,7,6,1,5.0,1.0,1
Upper West,2003,1,1,2,0,0.0,0.0,0
Upper West,2003,2,3,0,0,1.0,0.0,1
Upper West,2003,3,2,0,0,3.0,0.0,0
Upper West,2003,5,2,2,0,2.0,0.0,0
Upper West,2003,6,3,0,0,2.0,0.0,1
Upper West,2003,8,1,2,0,3.0,0.0,0
Upper West,2003,9,1,0,0,1.0,0.0,0
Upper West,2003,10,1,0,0,1.0,0.0,0
Upper West,2003,11,2,0,0,1.0,0.0,0
Upper West,2003,12,1,0,0,2.0,0.0,0
Upper West,2004,1,3,2,1,1.0,0.0,1
Upper West,2004,4,2,4,0,3.0,1.0,0
Upper West,2004,5,1,0,0,2.0,0.0,0
Upper West,2004,6,1,0,0,1.0,0.0,0
Upper West,2004,8,2,0,0,1.0,0.0,0
Upper West,2004,10,2,0,0,2.0,0.0,0
Upper West,2004,11,1,2,0,2.0,0.0,0
Upper West,2004,12,1,1,0,1.0,0.0,0
Upper West,2005,1,1,0,0,1.0,0.0,0
Upper West,2005,2,2,0,0,1.0,0.0,0
Upper West,2005,3,2,0,0,2.0,0.0,0
Upper West,2005,5,1,0,0,2.0,0.0,0
Upper West,2005,6,1,0,0,1.0,0.0,0
Upper West,2005,7,2,0,0,1.0,0.0,0
Upper West,2005,8,2,0,0,2.0,0.0,0
Upper West,2005,9,1,0,1,2.0,0.0,0
Upper West,2005,11,2,0,0,1.0,1.0,0
Upper West,2005,12,1,0,0,2.0,0.0,0
Upper West,2006,1,2,1,0,1.0,0.0,0
Upper West,2006,2,1,0,0,2.0,0.0,0
Upper West,2006,3,1,0,0,1.0,0.0,0
Upper West,2006,4,2,2,0,1.0,0.0,0
Upper West,2006,5,2,2,0,2.0,0.0,0
Upper West,2006,6,1,0,1,2.0,0.0,0
Upper West,2006,8,1,0,0,1.0,1.0,0
Upper West,2006,10,2,0,0,1.0,0.0,0
Upper West,2006,11,1,0,0,2.0,0.0,0
Upper West,2006,12,3,2,0,1.0,0.0,1
Upper West,2007,1,1,0,0,3.0,0.0,0
Upper West,2007,2,2,0,0,1.0,0.0,0
Upper West,2007,3,1,0,0,2.0,0.0,0
Upper West,2007,6,1,0,0,1.0,0.0,0
Upper West,2007,7,1,0,0,1.0,0.0,0
Upper West,2007,8,1,0,0,1.0,0.0,0
Upper West,2007,9,1,0,0,1.0,0.0,0
Upper West,2007,10,2,6,0,1.0,0.0,0
Upper West,2007,11,2,0,1,2.0,0.0,0
Upper West,2007,12,1,0,0,2.0,1.0,0
Upper West,2008,1,5,1,0,1.0,0.0,1
Upper West,2008,2,2,0,0,5.0,0.0,0
Upper West,2008,3,2,0,0,2.0,0.0,0
Upper West,2008,4,3,3,1,2.0,0.0,1
Upper West,2008,5,2,0,0,3.0,1.0,0
Upper West,2008,6,4,3,0,2.0,0.0,1
Upper West,2008,7,4,2,0,4.0,0.0,1
Upper West,2008,8,2,0,0,4.0,0.0,0
Upper West,2008,9,4,6,0,2.0,0.0,1
Upper West,2008,10,4,4,1,4.0,0.0,1
Upper West,2008,11,3,0,0,4.0,1.0,1
Upper West,2008,12,6,3,1,3.0,0.0,1
Upper West,2009,1,1,1,0,6.0,1.0,0
Upper West,2009,2,2,2,0,1.0,0.0,0
Upper West,2009,3,2,1,0,2.0,0.0,0
Upper West,2009,4,2,0,1,2.0,0.0,0
Upper West,2009,7,2,0,0,2.0,1.0,0
Upper West,2009,9,2,1,1,2.0,0.0,0
Upper West,2009,10,3,2,0,2.0,1.0,1
Upper West,2009,11,2,0,0,3.0,0.0,0
Upper West,2009,12,1,0,0,2.0,0.0,0
Upper West,2010,1,2,0,0,1.0,0.0,0
Upper West,2010,2,1,3,0,2.0,0.0,0
Upper West,2010,3,1,1,0,1.0,0.0,0
Upper West,2010,4,1,0,0,1.0,0.0,0
Upper West,2010,7,1,0,0,1.0,0.0,0
Upper West,2010,8,2,1,0,1.0,0.0,0
Upper West,2010,11,1,0,0,2.0,0.0,0
Upper West,2010,12,2,1,0,1.0,0.0,0
Upper West,2011,1,1,0,0,2.0,0.0,0
Upper West,2011,3,2,0,0,1.0,0.0,0
Upper West,2011,4,2,0,0,2.0,0.0,0
Upper West,2011,6,1,0,0,2.0,0.0,0
Upper West,2011,7,2,2,1,1.0,0.0,0
Upper West,2011,8,1,0,0,2.0,1.0,0
Upper West,2011,9,2,0,0,1.0,0.0,0
Upper West,2011,10,1,0,0,2.0,0.0,0
Upper West,2011,11,1,0,0,1.0,0.0,0
Upper West,2011,12,1,0,1,1.0,0.0,0
Upper West,2012,1,9,3,1,1.0,1.0,1
Upper West,2012,2,5,1,0,9.0,1.0,1
Upper West,2012,3,4,0,0,5.0,0.0,1
Upper West,2012,4,3,1,0,4.0,0.0,1
Upper West,2012,5,4,4,2,3.0,0.0,1
Upper West,2012,6,2,0,0,4.0,2.0,0
Upper West,2012,7,2,3,0,2.0,0.0,0
Upper West,2012,8,3,0,0,2.0,0.0,1
Upper West,2012,9,4,0,1,3.0,0.0,1
Upper West,2012,10,2,0,0,4.0,1.0,0
Upper West,2012,11,1,0,0,2.0,0.0,0
Upper West,2012,12,4,1,0,1.0,0.0,1
Upper West,2013,1,3,1,1,4.0,0.0,1
Upper West,2013,2,1,0,1,3.0,1.0,0
Upper West,2013,3,4,0,1,1.0,1.0,1
Upper West,2013,4,2,0,0,4.0,1.0,0
Upper West,2013,5,3,0,1,2.0,0.0,1
Upper West,2013,6,3,2,0,3.0,1.0,1
Upper West,2013,8,1,0,0,3.0,0.0,0
Upper West,2013,9,1,2,0,1.0,0.0,0
Upper West,2013,10,2,0,0,1.0,0.0,0
Upper West,2013,11,1,1,0,2.0,0.0,0
Upper West,2013,12,1,0,0,1.0,0.0,0
Upper West,2014,1,1,0,1,1.0,0.0,0
Upper West,2014,3,1,0,1,1.0,1.0,0
Upper West,2014,4,3,0,0,1.0,1.0,1
Upper West,2014,6,1,0,0,3.0,0.0,0
Upper West,2014,8,4,1,0,1.0,0.0,1
Upper West,2014,10,2,2,0,4.0,0.0,0
Upper West,2014,12,1,0,0,2.0,0.0,0
Upper West,2015,1,1,0,0,1.0,0.0,0
Upper West,2015,2,4,1,1,1.0,0.0,1
Upper West,2015,3,1,0,0,4.0,1.0,0
Upper West,2015,5,4,4,0,1.0,0.0,1
Upper West,2015,6,1,0,0,4.0,0.0,0
Upper West,2015,7,2,2,0,1.0,0.0,0
Upper West,2015,8,1,4,0,2.0,0.0,0
Upper West,2015,9,1,3,0,1.0,0.0,0
Upper West,2015,11,1,0,0,1.0,0.0,0
Upper West,2016,1,2,0,0,1.0,0.0,0
Upper West,2016,2,2,0,1,2.0,0.0,0
Upper West,2016,3,2,0,0,2.0,1.0,0
Upper West,2016,4,1,0,1,2.0,0.0,0
Upper West,2016,5,5,0,0,1.0,1.0,1
Upper West,2016,6,3,3,0,5.0,0.0,1
Upper West,2016,7,1,1,0,3.0,0.0,0
Upper West,2016,8,3,0,1,1.0,0.0,1
Upper West,2016,9,1,0,0,3.0,1.0,0
Upper West,2016,10,1,2,0,1.0,0.0,0
Upper West,2016,11,1,0,0,1.0,0.0,0
Upper West,2016,12,1,4,0,1.0,0.0,0
Upper West,2017,1,2,3,0,1.0,0.0,0
Upper West,2017,2,2,0,1,2.0,0.0,0
Upper West,2017,4,2,0,1,2.0,1.0,0
Upper West,2017,5,2,2,1,2.0,1.0,0
Upper West,2017,6,1,0,0,2.0,1.0,0
Upper West,2017,7,2,4,0,1.0,0.0,0
Upper West,2017,8,1,0,0,2.0,0.0,0
Upper West,2017,9,2,2,1,1.0,0.0,0
Upper West,2017,11,3,4,1,2.0,1.0,1
Upper West,2017,12,2,0,0,3.0,1.0,0
Upper West,2018,1,2,1,0,2.0,0.0,0
Upper West,2018,2,1,1,0,2.0,0.0,0
Upper West,2018,3,3,4,1,1.0,0.0,1
Upper West,2018,4,2,0,1,3.0,1.0,0
Upper West,2018,5,1,0,0,2.0,1.0,0
Upper West,2018,6,1,0,0,1.0,0.0,0
Upper West,2018,8,1,2,0,1.0,0.0,0
Upper West,2018,9,1,0,0,1.0,0.0,0
Upper West,2018,10,1,3,0,1.0,0.0,0
Upper West,2018,11,1,0,0,1.0,0.0,0
Upper West,2018,12,2,1,0,1.0,0.0,0
Upper West,2019,1,2,0,0,2.0,0.0,0
Upper West,2019,2,2,0,0,2.0,0.0,0
Upper West,2019,3,2,0,1,2.0,0.0,0
Upper West,2019,6,3,0,0,2.0,1.0,1
Upper West,2019,7,4,2,0,3.0,0.0,1
Upper West,2019,8,1,2,0,4.0,0.0,0
Upper West,2019,9,1,0,0,1.0,0.0,0
Upper West,2019,10,2,0,1,1.0,0.0,0
Upper West,2019,12,2,0,0,2.0,1.0,0
Upper West,2020,1,3,0,0,2.0,0.0,1
Upper West,2020,3,1,0,0,3.0,0.0,0
Upper West,2020,4,1,0,0,1.0,0.0,0
Upper West,2020,5,1,0,1,1.0,0.0,0
Upper West,2020,6,2,2,0,1.0,1.0,0
Upper West,2020,8,3,1,0,2.0,0.0,1
Upper West,2020,9,1,0,0,3.0,0.0,0
Upper West,2020,10,2,0,0,1.0,0.0,0
Upper West,2020,11,1,0,0,2.0,0.0,0
Upper West,2020,12,4,1,0,1.0,0.0,1
Upper West,2021,1,3,1,0,4.0,0.0,1
Upper West,2021,2,1,0,0,3.0,0.0,0
Upper West,2021,3,1,0,0,1.0,0.0,0
Upper West,2021,4,1,0,0,1.0,0.0,0
Upper West,2021,5,3,0,0,1.0,0.0,1
Upper West,2021,6,1,0,0,3.0,0.0,0
Upper West,2021,7,2,0,0,1.0,0.0,0
Upper West,2021,8,1,0,0,2.0,0.0,0
Upper West,2021,11,2,1,0,1.0,0.0,0
Upper West,2021,12,1,0,0,2.0,0.0,0
Upper West,2022,1,3,0,0,1.0,0.0,1
Upper West,2022,2,3,2,0,3.0,0.0,1
Upper West,2022,3,3,0,1,3.0,0.0,1
Upper West,2022,4,1,1,0,3.0,1.0,0
Upper West,2022,5,3,0,0,1.0,0.0,1
Upper West,2022,6,4,2,1,3.0,0.0,1
Upper West,2022,7,2,0,1,4.0,1.0,0
Upper West,2022,8,2,0,0,2.0,1.0,0
Upper West,2022,9,1,0,0,2.0,0.0,0
Upper West,2022,10,3,2,1,1.0,0.0,1
Upper West,2022,11,2,2,0,3.0,1.0,0
Upper West,2022,12,4,0,1,2.0,0.0,1
Upper West,2023,1,5,0,1,4.0,1.0,1
Upper West,2023,2,2,3,0,5.0,1.0,0
Upper West,2023,3,4,1,1,2.0,0.0,1
Upper West,2023,4,1,0,0,4.0,1.0,0
Upper West,2023,5,2,1,0,1.0,0.0,0
Upper West,2023,6,8,1,1,2.0,0.0,1
Upper West,2023,7,3,3,0,8.0,1.0,1
Upper West,2023,8,5,3,1,3.0,0.0,1
Upper West,2023,9,4,6,2,5.0,1.0,1
Upper West,2023,10,1,0,0,4.0,2.0,0
Upper West,2023,11,1,0,0,1.0,0.0,0
Upper West,2023,12,6,6,0,1.0,0.0,1
Upper West,2024,1,4,1,0,6.0,0.0,1
Upper West,2024,2,1,0,0,4.0,0.0,0
Upper West,2024,3,2,0,0,1.0,0.0,0
Upper West,2024,4,1,2,0,2.0,0.0,0
Upper West,2024,5,2,0,1,1.0,0.0,0
Upper West,2024,6,2,3,1,2.0,1.0,0
Upper West,2024,8,1,0,0,2.0,1.0,0
Upper West,2024,10,1,0,0,1.0,0.0,0
Upper West,2024,11,5,1,0,1.0,0.0,1
Upper West,2024,12,2,4,0,5.0,0.0,0
Volta,2003,1,2,0,0,0.0,0.0,0
Volta,2003,2,1,3,0,2.0,0.0,0
Volta,2003,3,3,1,0,1.0,0.0,1
Volta,2003,4,3,0,0,3.0,0.0,1
Volta,2003,5,1,0,0,3.0,0.0,0
Volta,2003,7,1,0,0,1.0,0.0,0
Volta,2003,8,2,2,0,1.0,0.0,0
Volta,2003,10,1,0,0,2.0,0.0,0
Volta,2003,11,3,3,0,1.0,0.0,1
Volta,2003,12,3,0,0,3.0,0.0,1
Volta,2004,1,1,0,0,3.0,0.0,0
Volta,2004,3,3,2,0,1.0,0.0,1
Volta,2004,4,2,0,0,3.0,0.0,0
Volta,2004,5,2,1,0,2.0,0.0,0
Volta,2004,6,2,1,0,2.0,0.0,0
Volta,2004,9,3,0,0,2.0,0.0,1
Volta,2004,12,1,0,0,3.0,0.0,0
Volta,2005,2,1,1,0,1.0,0.0,0
Volta,2005,3,1,0,0,1.0,0.0,0
Volta,2005,6,2,0,0,1.0,0.0,0
Volta,2005,7,2,2,0,2.0,0.0,0
Volta,2005,8,1,0,0,2.0,0.0,0
Volta,2005,10,1,4,0,1.0,0.0,0
Volta,2006,1,1,0,0,1.0,0.0,0
Volta,2006,2,2,2,0,1.0,0.0,0
Volta,2006,3,2,0,0,2.0,0.0,0
Volta,2006,5,2,3,0,2.0,0.0,0
Volta,2006,6,2,0,0,2.0,0.0,0
Volta,2006,7,3,2,0,2.0,0.0,1
Volta,2006,8,1,0,0,3.0,0.0,0
Volta,2006,10,3,4,0,1.0,0.0,1
Volta,2006,11,3,1,1,3.0,0.0,1
Volta,2006,12,2,2,0,3.0,1.0,0
Volta,2007,4,1,0,0,2.0,0.0,0
Volta,2007,6,3,0,1,1.0,0.0,1
Volta,2007,7,2,1,1,3.0,1.0,0
Volta,2007,9,1,4,0,2.0,1.0,0
Volta,2007,10,1,0,1,1.0,0.0,0
Volta,2007,11,3,1,1,1.0,1.0,1
Volta,2007,12,2,2,0,3.0,1.0,0
Volta,2008,1,5,0,2,2.0,0.0,1
Volta,2008,2,4,0,0,5.0,2.0,1
Volta,2008,3,4,5,0,4.0,0.0,1
Volta,2008,4,2,0,0,4.0,0.0,0
Volta,2008,5,4,2,0,2.0,0.0,1
Volta,2008,6,1,0,1,4.0,0.0,0
Volta,2008,7,3,0,0,1.0,1.0,1
Volta,2008,8,3,4,0,3.0,0.0,1
Volta,2008,9,2,0,0,3.0,0.0,0
Volta,2008,10,2,3,0,2.0,0.0,0
Volta,2008,11,5,1,0,2.0,0.0,1
Volta,2008,12,4,0,1,5.0,0.0,1
Volta,2009,1,1,0,0,4.0,1.0,0
Volta,2009,2,2,1,0,1.0,0.0,0
Volta,2009,3,1,0,0,2.0,0.0,0
Volta,2009,4,3,0,0,1.0,0.0,1
Volta,2009,5,2,0,0,3.0,0.0,0
Volta,2009,6,1,0,0,2.0,0.0,0
Volta,2009,7,1,0,0,1.0,0.0,0
Volta,2009,8,1,2,0,1.0,0.0,0
Volta,2009,11,2,3,0,1.0,0.0,0
Volta,2009,12,1,0,0,2.0,0.0,0
Volta,2010,1,1,0,0,1.0,0.0,0
Volta,2010,2,1,0,1,1.0,0.0,0
Volta,2010,4,1,0,0,1.0,1.0,0
Volta,2010,5,2,1,0,1.0,0.0,0
Volta,2010,6,3,5,1,2.0,0.0,1
Volta,2010,7,1,5,0,3.0,1.0,0
Volta,2010,8,2,3,0,1.0,0.0,0
Volta,2010,9,1,0,0,2.0,0.0,0
Volta,2010,10,1,0,0,1.0,0.0,0
Volta,2010,11,4,3,0,1.0,0.0,1
Volta,2010,12,2,0,0,4.0,0.0,0
Volta,2011,2,3,1,1,2.0,0.0,1
Volta,2011,3,2,0,0,3.0,1.0,0
Volta,2011,4,3,0,1,2.0,0.0,1
Volta,2011,5,4,0,0,3.0,1.0,1
Volta,2011,6,2,0,0,4.0,0.0,0
Volta,2011,12,1,2,0,2.0,0.0,0
Volta,2012,1,4,1,1,1.0,0.0,1
Volta,2012,2,4,3,1,4.0,1.0,1
Volta,2012,3,3,0,1,4.0,1.0,1
Volta,2012,4,3,3,0,3.0,1.0,1
Volta,2012,5,4,1,0,3.0,0.0,1
Volta,2012,6,2,3,0,4.0,0.0,0
Volta,2012,7,3,0,0,2.0,0.0,1
Volta,2012,8,1,0,0,3.0,0.0,0
Volta,2012,9,4,3,0,1.0,0.0,1
Volta,2012,10,2,1,0,4.0,0.0,0
Volta,2012,11,5,2,2,2.0,0.0,1
Volta,2012,12,2,0,0,5.0,2.0,0
Volta,2013,1,3,0,0,2.0,0.0,1
Volta,2013,3,1,0,0,3.0,0.0,0
Volta,2013,4,2,3,0,1.0,0.0,0
Volta,2013,6,1,0,0,2.0,0.0,0
Volta,2013,7,1,0,1,1.0,0.0,0
Volta,2013,9,1,0,0,1.0,1.0,0
Volta,2013,11,1,0,0,1.0,0.0,0
Volta,2014,1,2,0,1,1.0,0.0,0
Volta,2014,2,1,1,0,2.0,1.0,0
Volta,2014,3,1,0,0,1.0,0.0,0
Volta,2014,4,2,0,0,1.0,0.0,0
Volta,2014,7,1,0,0,2.0,0.0,0
Volta,2014,8,1,0,0,1.0,0.0,0
Volta,2014,10,1,0,1,1.0,0.0,0
Volta,2014,12,1,1,0,1.0,1.0,0
Volta,2015,1,1,0,0,1.0,0.0,0
Volta,2015,2,1,0,0,1.0,0.0,0
Volta,2015,3,2,2,0,1.0,0.0,0
Volta,2015,5,3,1,0,2.0,0.0,1
Volta,2015,6,1,0,0,3.0,0.0,0
Volta,2015,7,3,4,0,1.0,0.0,1
Volta,2015,9,2,0,0,3.0,0.0,0
Volta,2015,10,1,3,0,2.0,0.0,0
Volta,2015,11,1,0,0,1.0,0.0,0
Volta,2015,12,2,0,0,1.0,0.0,0
Volta,2016,1,4,1,0,2.0,0.0,1
Volta,2016,3,3,0,0,4.0,0.0,1
Volta,2016,4,2,0,0,3.0,0.0,0
Volta,2016,5,2,2,0,2.0,0.0,0
Volta,2016,6,6,5,1,2.0,0.0,1
Volta,2016,7,4,2,0,6.0,1.0,1
Volta,2016,8,1,0,0,4.0,0.0,0
Volta,2016,9,2,1,0,1.0,0.0,0
Volta,2016,10,1,2,0,2.0,0.0,0
Volta,2016,11,2,3,0,1.0,0.0,0
Volta,2016,12,5,0,1,2.0,0.0,1
Volta,2017,1,1,0,0,5.0,1.0,0
Volta,2017,3,1,0,0,1.0,0.0,0
Volta,2017,4,3,0,0,1.0,0.0,1
Volta,2017,6,1,0,0,3.0,0.0,0
Volta,2017,8,1,0,0,1.0,0.0,0
Volta,2017,10,3,2,0,1.0,0.0,1
Volta,2017,11,1,0,0,3.0,0.0,0
Volta,2017,12,2,0,0,1.0,0.0,0
Volta,2018,1,1,0,0,2.0,0.0,0
Volta,2018,2,1,0,0,1.0,0.0,0
Volta,2018,3,3,0,0,1.0,0.0,1
Volta,2018,4,1,2,0,3.0,0.0,0
Volta,2018,6,1,3,0,1.0,0.0,0
Volta,2018,8,1,0,0,1.0,0.0,0
Volta,2018,10,2,0,0,1.0,0.0,0
Volta,2018,11,2,0,0,2.0,0.0,0
Volta,2018,12,1,2,0,2.0,0.0,0
Volta,2019,1,1,0,0,1.0,0.0,0
Volta,2019,2,2,2,0,1.0,0.0,0
Volta,2019,3,2,0,0,2.0,0.0,0
Volta,2019,5,2,0,1,2.0,0.0,0
Volta,2019,6,1,0,1,2.0,1.0,0
Volta,2019,8,1,1,0,1.0,1.0,0
Volta,2019,9,1,4,0,1.0,0.0,0
Volta,2019,12,3,0,1,1.0,0.0,1
Volta,2020,2,2,0,0,3.0,1.0,0
Volta,2020,3,2,1,0,2.0,0.0,0
Volta,2020,4,1,0,0,2.0,0.0,0
Volta,2020,5,2,0,0,1.0,0.0,0
Volta,2020,6,2,0,0,2.0,0.0,0
Volta,2020,7,2,1,0,2.0,0.0,0
Volta,2020,8,2,3,0,2.0,0.0,0
Volta,2020,10,3,0,0,2.0,0.0,1
Volta,2020,11,5,0,0,3.0,0.0,1
Volta,2020,12,3,2,0,5.0,0.0,1
Volta,2021,1,3,0,0,3.0,0.0,1
Volta,2021,2,1,0,0,3.0,0.0,0
Volta,2021,3,2,0,0,1.0,0.0,0
Volta,2021,4,2,2,0,2.0,0.0,0
Volta,2021,5,2,0,0,2.0,0.0,0
Volta,2021,6,1,0,0,2.0,0.0,0
Volta,2021,7,4,3,1,1.0,0.0,1
Volta,2021,11,1,0,0,4.0,1.0,0
Volta,2022,1,5,2,1,1.0,0.0,1
Volta,2022,3,2,0,1,5.0,1.0,0
Volta,2022,4,4,1,0,2.0,1.0,1
Volta,2022,5,1,0,0,4.0,0.0,0
Volta,2022,6,6,3,0,1.0,0.0,1
Volta,2022,7,4,0,1,6.0,0.0,1
Volta,2022,8,2,0,1,4.0,1.0,0
Volta,2022,9,2,0,0,2.0,1.0,0
Volta,2022,10,2,0,0,2.0,0.0,0
Volta,2022,11,3,0,1,2.0,0.0,1
Volta,2022,12,4,1,0,3.0,1.0,1
Volta,2023,1,4,1,0,4.0,0.0,1
Volta,2023,3,3,3,0,4.0,0.0,1
Volta,2023,4,3,4,0,3.0,0.0,1
Volta,2023,5,1,0,1,3.0,0.0,0
Volta,2023,6,1,0,0,1.0,1.0,0
Volta,2023,7,2,1,1,1.0,0.0,0
Volta,2023,8,5,8,1,2.0,1.0,1
Volta,2023,9,4,6,0,5.0,1.0,1
Volta,2023,10,5,2,0,4.0,0.0,1
Volta,2023,11,5,0,0,5.0,0.0,1
Volta,2023,12,5,0,1,5.0,0.0,1
Volta,2024,1,1,4,0,5.0,1.0,0
Volta,2024,5,1,0,0,1.0,0.0,0
Volta,2024,7,2,0,0,1.0,0.0,0
Volta,2024,8,1,1,0,2.0,0.0,0
Volta,2024,10,3,4,0,1.0,0.0,1
Western,2003,1,2,0,0,0.0,0.0,0
Western,2003,5,2,2,0,2.0,0.0,0
Western,2003,6,1,2,0,2.0,0.0,0
Western,2003,8,1,4,0,1.0,0.0,0
Western,2003,9,3,0,0,1.0,0.0,1
Western,2003,11,3,0,0,3.0,0.0,1
Western,2003,12,1,2,0,3.0,0.0,0
Western,2004,1,2,0,0,1.0,0.0,0
Western,2004,3,1,1,0,2.0,0.0,0
Western,2004,4,1,1,0,1.0,0.0,0
Western,2004,6,1,0,0,1.0,0.0,0
Western,2004,7,4,2,0,1.0,0.0,1
Western,2004,8,1,0,0,4.0,0.0,0
Western,2004,11,2,0,0,1.0,0.0,0
Western,2004,12,2,0,1,2.0,0.0,0
Western,2005,1,1,3,0,2.0,1.0,0
Western,2005,2,2,2,0,1.0,0.0,0
Western,2005,4,1,0,0,2.0,0.0,0
Western,2005,5,2,0,0,1.0,0.0,0
Western,2005,8,1,1,0,2.0,0.0,0
Western,2005,9,2,0,1,1.0,0.0,0
Western,2005,11,1,3,0,2.0,1.0,0
Western,2005,12,1,0,0,1.0,0.0,0
Western,2006,1,1,2,0,1.0,0.0,0
Western,2006,2,2,1,0,1.0,0.0,0
Western,2006,3,2,0,0,2.0,0.0,0
Western,2006,4,1,2,0,2.0,0.0,0
Western,2006,6,2,3,0,1.0,0.0,0
Western,2006,7,1,0,0,2.0,0.0,0
Western,2006,8,4,0,0,1.0,0.0,1
Western,2006,11,1,0,0,4.0,0.0,0
Western,2006,12,1,0,1,1.0,0.0,0
Western,2007,1,1,0,0,1.0,1.0,0
Western,2007,2,1,0,0,1.0,0.0,0
Western,2007,3,1,0,0,1.0,0.0,0
Western,2007,4,1,0,0,1.0,0.0,0
Western,2007,5,1,1,0,1.0,0.0,0
Western,2007,7,1,0,0,1.0,0.0,0
Western,2007,9,1,0,0,1.0,0.0,0
Western,2007,11,4,2,0,1.0,0.0,1
Western,2007,12,2,2,0,4.0,0.0,0
Western,2008,1,4,2,1,2.0,0.0,1
Western,2008,2,1,0,0,4.0,1.0,0
Western,2008,3,2,0,0,1.0,0.0,0
Western,2008,4,2,0,0,2.0,0.0,0
Western,2008,5,4,3,0,2.0,0.0,1
Western,2008,6,2,4,0,4.0,0.0,0
Western,2008,7,1,0,0,2.0,0.0,0
Western,2008,8,2,1,0,1.0,0.0,0
Western,2008,9,4,3,0,2.0,0.0,1
Western,2008,10,4,1,1,4.0,0.0,1
Western,2008,11,3,0,0,4.0,1.0,1
Western,2008,12,8,8,0,3.0,0.0,1
Western,2009,1,1,0,0,8.0,0.0,0
Western,2009,2,1,0,0,1.0,0.0,0
Western,2009,3,1,0,0,1.0,0.0,0
Western,2009,4,1,0,0,1.0,0.0,0
Western,2009,8,1,2,0,1.0,0.0,0
Western,2009,9,3,2,0,1.0,0.0,1
Western,2009,10,2,2,0,3.0,0.0,0
Western,2009,11,1,0,0,2.0,0.0,0
Western,2009,12,1,0,0,1.0,0.0,0
Western,2010,1,1,0,0,1.0,0.0,0
Western,2010,2,2,1,0,1.0,0.0,0
Western,2010,3,1,0,1,2.0,0.0,0
Western,2010,4,4,3,0,1.0,1.0,1
Western,2010,6,3,1,0,4.0,0.0,1
Western,2010,7,3,0,0,3.0,0.0,1
Western,2010,8,1,3,0,3.0,0.0,0
Western,2010,9,1,0,0,1.0,0.0,0
Western,2010,10,2,0,0,1.0,0.0,0
Western,2010,11,1,0,0,2.0,0.0,0
Western,2010,12,2,0,0,1.0,0.0,0
Western,2011,1,3,1,0,2.0,0.0,1
Western,2011,3,2,0,0,3.0,0.0,0
Western,2011,4,1,1,0,2.0,0.0,0
Western,2011,5,2,2,0,1.0,0.0,0
Western,2011,6,1,0,0,2.0,0.0,0
Western,2011,8,1,0,0,1.0,0.0,0
Western,2011,9,1,2,0,1.0,0.0,0
Western,2011,10,4,0,0,1.0,0.0,1
Western,2011,12,2,0,0,4.0,0.0,0
Western,2012,1,6,4,3,2.0,0.0,1
Western,2012,2,1,0,1,6.0,3.0,0
Western,2012,3,3,1,0,1.0,1.0,1
Western,2012,4,5,4,0,3.0,0.0,1
Western,2012,5,2,0,1,5.0,0.0,0
Western,2012,6,1,1,0,2.0,1.0,0
Western,2012,8,1,0,1,1.0,0.0,0
Western,2012,9,2,0,2,1.0,1.0,0
Western,2012,10,1,0,0,2.0,2.0,0
Western,2012,11,3,3,0,1.0,0.0,1
Western,2012,12,3,0,0,3.0,0.0,1
Western,2013,1,2,0,0,3.0,0.0,0
Western,2013,2,3,2,0,2.0,0.0,1
Western,2013,3,5,0,2,3.0,0.0,1
Western,2013,4,1,0,1,5.0,2.0,0
Western,2013,5,2,2,0,1.0,1.0,0
Western,2013,6,2,1,0,2.0,0.0,0
Western,2013,9,2,0,1,2.0,0.0,0
Western,2013,10,4,0,0,2.0,1.0,1
Western,2013,11,2,0,1,4.0,0.0,0
Western,2013,12,2,2,0,2.0,1.0,0
Western,2014,1,3,0,0,2.0,0.0,1
Western,2014,2,1,1,0,3.0,0.0,0
Western,2014,3,2,0,0,1.0,0.0,0
Western,2014,4,3,0,0,2.0,0.0,1
Western,2014,5,1,0,0,3.0,0.0,0
Western,2014,7,1,1,0,1.0,0.0,0
Western,2014,10,2,0,1,1.0,0.0,0
Western,2014,11,1,0,0,2.0,1.0,0
Western,2014,12,1,1,0,1.0,0.0,0
Western,2015,1,1,0,0,1.0,0.0,0
Western,2015,2,2,0,0,1.0,0.0,0
Western,2015,5,1,0,0,2.0,0.0,0
Western,2015,7,2,0,0,1.0,0.0,0
Western,2015,8,3,4,0,2.0,0.0,1
Western,2015,10,3,0,1,3.0,0.0,1
Western,2015,11,2,0,0,3.0,1.0,0
Western,2015,12,1,0,0,2.0,0.0,0
Western,2016,1,3,0,0,1.0,0.0,1
Western,2016,2,1,0,0,3.0,0.0,0
Western,2016,3,2,0,1,1.0,0.0,0
Western,2016,5,1,0,1,2.0,1.0,0
Western,2016,6,2,0,0,1.0,1.0,0
Western,2016,7,3,4,1,2.0,0.0,1
Western,2016,8,1,0,0,3.0,1.0,0
Western,2016,9,1,0,0,1.0,0.0,0
Western,2016,10,5,0,0,1.0,0.0,1
Western,2016,11,4,2,1,5.0,0.0,1
Western,2016,12,1,0,0,4.0,1.0,0
Western,2017,1,2,0,0,1.0,0.0,0
Western,2017,5,1,0,0,2.0,0.0,0
Western,2017,6,3,1,0,1.0,0.0,1
Western,2017,9,1,0,0,3.0,0.0,0
Western,2017,10,1,0,0,1.0,0.0,0
Western,2017,11,2,0,0,1.0,0.0,0
Western,2017,12,1,0,0,2.0,0.0,0
Western,2018,1,2,2,0,1.0,0.0,0
Western,2018,4,2,3,0,2.0,0.0,0
Western,2018,7,2,0,0,2.0,0.0,0
Western,2018,8,1,1,0,2.0,0.0,0
Western,2018,9,1,0,0,1.0,0.0,0
Western,2018,10,3,0,2,1.0,0.0,1
Western,2018,11,1,1,0,3.0,2.0,0
Western,2018,12,3,0,1,1.0,0.0,1
Western,2019,1,1,0,0,3.0,1.0,0
Western,2019,2,3,0,0,1.0,0.0,1
Western,2019,4,3,4,0,3.0,0.0,1
Western,2019,5,2,0,2,3.0,0.0,0
Western,2019,6,1,3,0,2.0,2.0,0
Western,2019,7,2,0,0,1.0,0.0,0
Western,2019,8,1,0,0,2.0,0.0,0
Western,2019,9,2,0,1,1.0,0.0,0
Western,2019,10,1,0,0,2.0,1.0,0
Western,2019,12,4,0,0,1.0,0.0,1
Western,2020,1,2,0,1,4.0,0.0,0
Western,2020,2,2,0,0,2.0,1.0,0
Western,2020,3,2,3,0,2.0,0.0,0
Western,2020,4,2,1,0,2.0,0.0,0
Western,2020,5,3,0,0,2.0,0.0,1
Western,2020,6,2,3,0,3.0,0.0,0
Western,2020,7,1,0,0,2.0,0.0,0
Western,2020,8,2,4,0,1.0,0.0,0
Western,2020,10,2,0,0,2.0,0.0,0
Western,2020,11,2,0,0,2.0,0.0,0
Western,2020,12,3,0,0,2.0,0.0,1
Western,2021,1,2,3,0,3.0,0.0,0
Western,2021,3,1,1,0,2.0,0.0,0
Western,2021,4,2,0,0,1.0,0.0,0
Western,2021,5,2,1,0,2.0,0.0,0
Western,2021,6,1,0,0,2.0,0.0,0
Western,2021,7,1,0,0,1.0,0.0,0
Western,2021,9,2,0,1,1.0,0.0,0
Western,2021,10,1,0,0,2.0,1.0,0
Western,2021,11,2,0,0,1.0,0.0,0
Western,2022,1,4,2,0,2.0,0.0,1
Western,2022,2,3,1,0,4.0,0.0,1
Western,2022,3,1,1,0,3.0,0.0,0
Western,2022,4,2,1,0,1.0,0.0,0
Western,2022,5,1,0,0,2.0,0.0,0
Western,2022,6,7,4,0,1.0,0.0,1
Western,2022,7,3,2,0,7.0,0.0,1
Western,2022,8,1,2,0,3.0,0.0,0
Western,2022,9,2,2,0,1.0,0.0,0
Western,2022,10,3,6,0,2.0,0.0,1
Western,2022,11,3,2,0,3.0,0.0,1
Western,2022,12,3,6,0,3.0,0.0,1
Western,2023,1,3,2,1,3.0,0.0,1
Western,2023,2,1,0,0,3.0,1.0,0
Western,2023,3,7,0,2,1.0,0.0,1
Western,2023,4,2,0,0,7.0,2.0,0
Western,2023,5,3,0,0,2.0,0.0,1
Western,2023,6,1,0,0,3.0,0.0,0
Western,2023,7,4,2,0,1.0,0.0,1
Western,2023,8,5,6,0,4.0,0.0,1
Western,2023,9,2,3,0,5.0,0.0,0
Western,2023,10,1,0,1,2.0,0.0,0
Western,2023,11,2,1,0,1.0,1.0,0
Western,2023,12,5,4,0,2.0,0.0,1
Western,2024,1,2,0,0,5.0,0.0,0
Western,2024,2,2,1,0,2.0,0.0,0
Western,2024,3,2,1,1,2.0,0.0,0
Western,2024,4,2,0,1,2.0,1.0,0
Western,2024,6,1,0,0,2.0,1.0,0
Western,2024,8,3,2,0,1.0,0.0,1
Western,2024,9,1,1,0,3.0,0.0,0
Western,2024,12,2,0,1,1.0,0.0,0
