region,year,month,pred_ipc_phase,pred_ipc_label,pred_ipc_confidence,pred_ipc_action,pred_price_change_pct,pred_price_direction,is_anomaly,pred_anomaly_score,rainfall_anomaly_pct,flood_flag,conflict_events,compound_risk_score
Upper East,2024,1,4,Emergency,0.993,EMERGENCY — deploy cash transfers NOW,27.43,↑ Rising,1,0.5674,-21.325,0,3.0,1.513
Ashanti,2024,1,3,Crisis,0.949,Deploy food stocks and vouchers immediately,9.11,↑ Rising,0,0.4692,-30.7,0,1.0,1.407
Bono,2024,1,3,Crisis,0.935,Deploy food stocks and vouchers immediately,3.55,→ Stable,0,0.5125,-23.55,0,5.0,1.736
Central,2024,1,3,Crisis,0.971,Deploy food stocks and vouchers immediately,13.36,↑ Rising,0,0.4379,-2.375,0,2.0,1.224
Central,2024,1,3,Crisis,0.97,Deploy food stocks and vouchers immediately,13.57,↑ Rising,0,0.4416,7.4,0,2.0,1.274
Central,2024,1,3,Crisis,0.972,Deploy food stocks and vouchers immediately,13.53,↑ Rising,0,0.446,-2.475,0,2.0,1.225
Eastern,2024,1,3,Crisis,0.963,Deploy food stocks and vouchers immediately,11.18,↑ Rising,0,0.4888,-22.775,0,3.0,1.528
North East,2024,1,3,Crisis,0.994,Deploy food stocks and vouchers immediately,-2.16,→ Stable,1,0.5858,9.25,0,4.0,1.493
North East,2024,1,3,Crisis,0.995,Deploy food stocks and vouchers immediately,-2.67,→ Stable,1,0.5728,16.05,0,4.0,1.56
North East,2024,1,3,Crisis,0.996,Deploy food stocks and vouchers immediately,-2.45,→ Stable,1,0.5568,-15.7,0,4.0,1.557
Oti,2024,1,3,Crisis,0.949,Deploy food stocks and vouchers immediately,-1.56,→ Stable,0,0.4364,-23.15,0,2.0,1.432
Savannah,2024,1,3,Crisis,0.992,Deploy food stocks and vouchers immediately,-2.48,→ Stable,1,0.5359,5.95,0,4.0,1.46
Savannah,2024,1,3,Crisis,0.995,Deploy food stocks and vouchers immediately,-2.63,→ Stable,1,0.5573,12.35,0,4.0,1.524
Savannah,2024,1,3,Crisis,0.987,Deploy food stocks and vouchers immediately,-2.31,→ Stable,1,0.5404,-35.5,0,4.0,1.755
Upper East,2024,1,3,Crisis,0.985,Deploy food stocks and vouchers immediately,27.71,↑ Rising,1,0.576,-7.35,0,3.0,1.374
Upper East,2024,1,3,Crisis,0.991,Deploy food stocks and vouchers immediately,27.74,↑ Rising,1,0.5637,9.175,0,3.0,1.392
Upper East,2024,1,3,Crisis,0.991,Deploy food stocks and vouchers immediately,27.6,↑ Rising,1,0.5714,8.6,0,3.0,1.386
Upper West,2024,1,3,Crisis,0.994,Deploy food stocks and vouchers immediately,12.08,↑ Rising,1,0.5553,23.725,0,4.0,1.637
Upper West,2024,1,3,Crisis,0.996,Deploy food stocks and vouchers immediately,11.76,↑ Rising,0,0.5141,17.575,0,4.0,1.576
Upper West,2024,1,3,Crisis,0.994,Deploy food stocks and vouchers immediately,12.09,↑ Rising,0,0.4983,-3.65,0,4.0,1.436
Upper West,2024,1,3,Crisis,0.993,Deploy food stocks and vouchers immediately,11.33,↑ Rising,1,0.5338,32.375,0,4.0,1.724
Volta,2024,1,3,Crisis,0.566,Deploy food stocks and vouchers immediately,12.52,↑ Rising,0,0.476,15.85,0,1.0,1.258
Volta,2024,1,3,Crisis,0.939,Deploy food stocks and vouchers immediately,12.85,↑ Rising,0,0.4787,-21.55,0,1.0,1.316
Volta,2024,1,3,Crisis,0.935,Deploy food stocks and vouchers immediately,12.85,↑ Rising,0,0.4926,-21.875,0,1.0,1.319
Western,2024,1,3,Crisis,0.991,Deploy food stocks and vouchers immediately,25.51,↑ Rising,0,0.5071,4.25,0,2.0,1.242
Western,2024,1,3,Crisis,0.991,Deploy food stocks and vouchers immediately,26.43,↑ Rising,1,0.5552,0.025,0,2.0,1.2
Western,2024,1,3,Crisis,0.982,Deploy food stocks and vouchers immediately,26.43,↑ Rising,0,0.5255,38.425,0,2.0,1.584
Ashanti,2024,1,2,Stressed,0.948,Alert field teams — pre-position supplies,9.82,↑ Rising,0,0.4402,7.025,0,1.0,1.17
Ashanti,2024,1,2,Stressed,0.941,Alert field teams — pre-position supplies,9.3,↑ Rising,0,0.4514,4.5,0,1.0,1.145
Ashanti,2024,1,2,Stressed,0.935,Alert field teams — pre-position supplies,9.67,↑ Rising,0,0.4568,14.875,0,1.0,1.249
Bono,2024,1,2,Stressed,0.902,Alert field teams — pre-position supplies,3.55,→ Stable,0,0.5053,1.25,0,5.0,1.512
Bono,2024,1,2,Stressed,0.816,Alert field teams — pre-position supplies,3.67,→ Stable,0,0.5118,11.275,0,5.0,1.613
Bono,2024,1,2,Stressed,0.892,Alert field teams — pre-position supplies,3.42,→ Stable,0,0.4942,1.0,0,5.0,1.51
Bono,2024,1,2,Stressed,0.831,Alert field teams — pre-position supplies,3.77,→ Stable,0,0.5054,-11.825,0,5.0,1.618
Bono East,2024,1,2,Stressed,0.963,Alert field teams — pre-position supplies,-0.75,→ Stable,0,0.4579,-34.125,0,0.0,1.341
Eastern,2024,1,2,Stressed,0.945,Alert field teams — pre-position supplies,11.45,↑ Rising,0,0.4877,-4.05,0,3.0,1.34
Eastern,2024,1,2,Stressed,0.949,Alert field teams — pre-position supplies,11.75,↑ Rising,0,0.4846,1.55,0,3.0,1.316
Greater Accra,2024,1,2,Stressed,0.98,Alert field teams — pre-position supplies,4.39,→ Stable,0,0.4746,41.6,0,2.0,1.616
Greater Accra,2024,1,2,Stressed,0.844,Alert field teams — pre-position supplies,4.67,→ Stable,0,0.5019,-20.825,0,2.0,1.408
Greater Accra,2024,1,2,Stressed,0.985,Alert field teams — pre-position supplies,4.81,→ Stable,0,0.4614,-14.95,0,2.0,1.35
Greater Accra,2024,1,2,Stressed,0.986,Alert field teams — pre-position supplies,4.9,→ Stable,0,0.4393,0.325,0,2.0,1.203
Greater Accra,2024,1,2,Stressed,0.984,Alert field teams — pre-position supplies,4.67,→ Stable,0,0.4413,-15.2,0,2.0,1.352
Northern,2024,1,2,Stressed,0.966,Alert field teams — pre-position supplies,5.24,↑ Rising,0,0.512,15.575,0,0.0,1.156
Northern,2024,1,2,Stressed,0.962,Alert field teams — pre-position supplies,5.24,↑ Rising,0,0.5108,-11.425,0,0.0,1.114
Northern,2024,1,2,Stressed,0.97,Alert field teams — pre-position supplies,5.14,↑ Rising,0,0.5092,9.8,0,0.0,1.098
Northern,2024,1,2,Stressed,0.966,Alert field teams — pre-position supplies,5.36,↑ Rising,1,0.5525,18.425,0,0.0,1.184
Northern,2024,1,2,Stressed,0.96,Alert field teams — pre-position supplies,5.25,↑ Rising,0,0.5053,-16.2,0,0.0,1.162
Oti,2024,1,2,Stressed,0.981,Alert field teams — pre-position supplies,-1.55,→ Stable,0,0.4307,-18.525,0,2.0,1.385
Oti,2024,1,2,Stressed,0.991,Alert field teams — pre-position supplies,-1.32,→ Stable,0,0.4322,-4.8,0,2.0,1.248
Volta,2024,1,2,Stressed,0.596,Alert field teams — pre-position supplies,13.01,↑ Rising,0,0.4697,-2.775,0,1.0,1.128
Ahafo,2024,1,1,Minimal,0.996,No action needed — continue monitoring,-0.41,→ Stable,0,0.4207,7.725,0,0.0,1.077
Ahafo,2024,1,1,Minimal,0.996,No action needed — continue monitoring,-0.97,→ Stable,0,0.4345,2.725,0,0.0,1.027
Bono East,2024,1,1,Minimal,0.988,No action needed — continue monitoring,0.18,→ Stable,0,0.4899,33.55,0,0.0,1.336
Ahafo,2024,2,3,Crisis,0.554,Deploy food stocks and vouchers immediately,-2.43,→ Stable,1,0.5495,63.45,1,0.0,3.634
Ashanti,2024,2,3,Crisis,0.979,Deploy food stocks and vouchers immediately,-2.27,→ Stable,0,0.4977,-50.0,0,1.0,1.6
North East,2024,2,3,Crisis,0.997,Deploy food stocks and vouchers immediately,-4.37,→ Stable,0,0.469,-10.2,0,4.0,1.502
North East,2024,2,3,Crisis,0.995,Deploy food stocks and vouchers immediately,-3.84,→ Stable,0,0.5105,30.25,0,4.0,1.703
North East,2024,2,3,Crisis,0.995,Deploy food stocks and vouchers immediately,-4.15,→ Stable,0,0.4886,20.35,0,4.0,1.604
Savannah,2024,2,3,Crisis,0.975,Deploy food stocks and vouchers immediately,-4.19,→ Stable,0,0.4578,-34.85,0,1.0,1.449
Ahafo,2024,2,2,Stressed,0.974,Alert field teams — pre-position supplies,-3.17,→ Stable,0,0.4355,-28.5,0,0.0,1.285
Ashanti,2024,2,2,Stressed,0.901,Alert field teams — pre-position supplies,-2.49,→ Stable,0,0.4325,-28.5,0,1.0,1.385
Ashanti,2024,2,2,Stressed,0.989,Alert field teams — pre-position supplies,-2.74,→ Stable,0,0.4431,-11.45,0,1.0,1.214
Ashanti,2024,2,2,Stressed,0.685,Alert field teams — pre-position supplies,-2.42,→ Stable,0,0.4647,-34.5,0,1.0,1.445
Bono,2024,2,2,Stressed,0.989,Alert field teams — pre-position supplies,-1.64,→ Stable,0,0.4696,0.1,0,2.0,1.201
Bono,2024,2,2,Stressed,0.987,Alert field teams — pre-position supplies,-1.34,→ Stable,0,0.4625,-8.85,0,2.0,1.288
Bono,2024,2,2,Stressed,0.992,Alert field teams — pre-position supplies,-1.3,→ Stable,0,0.4858,37.15,0,2.0,1.572
Bono,2024,2,2,Stressed,0.988,Alert field teams — pre-position supplies,-1.58,→ Stable,0,0.4623,-8.65,0,2.0,1.286
Bono,2024,2,2,Stressed,0.989,Alert field teams — pre-position supplies,-1.45,→ Stable,0,0.4672,-1.95,0,2.0,1.22
Eastern,2024,2,2,Stressed,0.924,Alert field teams — pre-position supplies,-5.23,↓ Falling,0,0.4551,-25.1,0,1.0,1.351
Eastern,2024,2,2,Stressed,0.978,Alert field teams — pre-position supplies,-5.06,↓ Falling,0,0.4534,24.2,0,1.0,1.342
Eastern,2024,2,2,Stressed,0.978,Alert field teams — pre-position supplies,-5.37,↓ Falling,0,0.4472,5.2,0,1.0,1.152
Greater Accra,2024,2,2,Stressed,0.976,Alert field teams — pre-position supplies,0.63,→ Stable,0,0.4513,-2.55,0,1.0,1.126
Greater Accra,2024,2,2,Stressed,0.982,Alert field teams — pre-position supplies,0.51,→ Stable,0,0.4845,19.95,0,1.0,1.3
Greater Accra,2024,2,2,Stressed,0.99,Alert field teams — pre-position supplies,0.59,→ Stable,0,0.4316,-10.35,0,1.0,1.204
Greater Accra,2024,2,2,Stressed,0.932,Alert field teams — pre-position supplies,0.74,→ Stable,0,0.435,-21.3,0,1.0,1.313
Greater Accra,2024,2,2,Stressed,0.912,Alert field teams — pre-position supplies,0.72,→ Stable,0,0.4337,-28.55,0,1.0,1.386
Northern,2024,2,2,Stressed,0.971,Alert field teams — pre-position supplies,-8.23,↓ Falling,0,0.4858,21.45,0,2.0,1.414
Northern,2024,2,2,Stressed,0.989,Alert field teams — pre-position supplies,-8.59,↓ Falling,0,0.4729,-11.15,0,2.0,1.312
Northern,2024,2,2,Stressed,0.991,Alert field teams — pre-position supplies,-8.44,↓ Falling,0,0.4735,7.4,0,2.0,1.274
Northern,2024,2,2,Stressed,0.987,Alert field teams — pre-position supplies,-8.41,↓ Falling,0,0.4814,19.4,0,2.0,1.394
Northern,2024,2,2,Stressed,0.973,Alert field teams — pre-position supplies,-8.34,↓ Falling,0,0.479,27.45,0,2.0,1.474
Oti,2024,2,2,Stressed,0.979,Alert field teams — pre-position supplies,-3.15,→ Stable,0,0.4229,23.55,0,2.0,1.436
Oti,2024,2,2,Stressed,0.982,Alert field teams — pre-position supplies,-3.13,→ Stable,0,0.4374,38.05,0,2.0,1.58
Oti,2024,2,2,Stressed,0.991,Alert field teams — pre-position supplies,-3.7,→ Stable,0,0.4117,-11.4,0,2.0,1.314
Savannah,2024,2,2,Stressed,0.991,Alert field teams — pre-position supplies,-3.72,→ Stable,0,0.4467,12.3,0,1.0,1.223
Savannah,2024,2,2,Stressed,0.991,Alert field teams — pre-position supplies,-3.81,→ Stable,0,0.4417,1.6,0,1.0,1.116
Upper East,2024,2,2,Stressed,0.958,Alert field teams — pre-position supplies,-14.08,↓ Falling,0,0.4762,-14.75,0,3.0,1.448
Upper East,2024,2,2,Stressed,0.969,Alert field teams — pre-position supplies,-13.48,↓ Falling,0,0.4824,13.7,0,3.0,1.437
Upper East,2024,2,2,Stressed,0.988,Alert field teams — pre-position supplies,-13.88,↓ Falling,0,0.479,-4.4,0,3.0,1.344
Upper East,2024,2,2,Stressed,0.986,Alert field teams — pre-position supplies,-13.95,↓ Falling,0,0.4776,5.8,0,3.0,1.358
Upper West,2024,2,2,Stressed,0.991,Alert field teams — pre-position supplies,-7.55,↓ Falling,0,0.4522,5.3,0,1.0,1.153
Upper West,2024,2,2,Stressed,0.991,Alert field teams — pre-position supplies,-7.51,↓ Falling,0,0.453,11.95,0,1.0,1.22
Upper West,2024,2,2,Stressed,0.991,Alert field teams — pre-position supplies,-7.8,↓ Falling,0,0.4518,-9.0,0,1.0,1.19
Upper West,2024,2,2,Stressed,0.987,Alert field teams — pre-position supplies,-7.4,↓ Falling,0,0.4681,21.5,0,1.0,1.315
Volta,2024,2,2,Stressed,0.964,Alert field teams — pre-position supplies,-8.15,↓ Falling,0,0.4569,-23.35,0,0.0,1.234
Western,2024,2,2,Stressed,0.991,Alert field teams — pre-position supplies,-13.11,↓ Falling,0,0.4408,-0.75,0,2.0,1.208
Western,2024,2,2,Stressed,0.99,Alert field teams — pre-position supplies,-13.63,↓ Falling,0,0.458,-12.4,0,2.0,1.324
Western,2024,2,2,Stressed,0.99,Alert field teams — pre-position supplies,-13.06,↓ Falling,0,0.4558,-15.1,0,2.0,1.351
Bono East,2024,2,1,Minimal,0.996,No action needed — continue monitoring,-2.62,→ Stable,0,0.4713,1.8,0,0.0,1.018
Bono East,2024,2,1,Minimal,0.68,No action needed — continue monitoring,-2.32,→ Stable,0,0.4717,49.1,0,0.0,1.491
Central,2024,2,1,Minimal,0.987,No action needed — continue monitoring,-11.76,↓ Falling,0,0.4287,-2.75,0,0.0,1.028
Central,2024,2,1,Minimal,0.987,No action needed — continue monitoring,-11.7,↓ Falling,0,0.4309,-7.9,0,0.0,1.079
Central,2024,2,1,Minimal,0.961,No action needed — continue monitoring,-11.41,↓ Falling,0,0.4462,28.6,0,0.0,1.286
Volta,2024,2,1,Minimal,0.851,No action needed — continue monitoring,-8.17,↓ Falling,0,0.4686,41.4,0,0.0,1.414
Volta,2024,2,1,Minimal,0.965,No action needed — continue monitoring,-8.14,↓ Falling,0,0.4393,13.95,0,0.0,1.14
Volta,2024,2,1,Minimal,0.948,No action needed — continue monitoring,-7.94,↓ Falling,0,0.4498,28.65,0,0.0,1.286
Greater Accra,2024,3,3,Crisis,0.979,Deploy food stocks and vouchers immediately,-3.23,→ Stable,0,0.5125,-42.6,0,1.0,0.526
North East,2024,3,3,Crisis,0.997,Deploy food stocks and vouchers immediately,-3.83,→ Stable,0,0.4408,-13.0,0,4.0,1.53
North East,2024,3,3,Crisis,0.996,Deploy food stocks and vouchers immediately,-3.85,→ Stable,0,0.4527,13.875,0,4.0,1.539
North East,2024,3,3,Crisis,0.993,Deploy food stocks and vouchers immediately,-3.43,→ Stable,0,0.4352,1.675,0,4.0,1.417
Northern,2024,3,3,Crisis,0.983,Deploy food stocks and vouchers immediately,-2.45,→ Stable,0,0.4545,-22.725,0,3.0,1.527
Savannah,2024,3,3,Crisis,0.997,Deploy food stocks and vouchers immediately,-2.88,→ Stable,0,0.4565,40.25,0,4.0,1.802
Savannah,2024,3,3,Crisis,0.995,Deploy food stocks and vouchers immediately,-3.37,→ Stable,0,0.4444,-22.725,0,4.0,1.627
Savannah,2024,3,3,Crisis,0.992,Deploy food stocks and vouchers immediately,-3.52,→ Stable,0,0.4256,-2.025,0,4.0,1.42
Upper East,2024,3,3,Crisis,0.87,Deploy food stocks and vouchers immediately,-6.75,↓ Falling,0,0.4593,-22.725,0,1.0,1.327
Upper West,2024,3,3,Crisis,0.964,Deploy food stocks and vouchers immediately,-8.04,↓ Falling,0,0.4341,-22.725,0,2.0,1.427
Ahafo,2024,3,2,Stressed,0.895,Alert field teams — pre-position supplies,-2.84,→ Stable,0,0.5128,-42.175,0,0.0,0.422
Northern,2024,3,2,Stressed,0.988,Alert field teams — pre-position supplies,-2.54,→ Stable,0,0.4515,6.775,0,3.0,1.368
Northern,2024,3,2,Stressed,0.963,Alert field teams — pre-position supplies,-2.48,→ Stable,0,0.4517,11.675,0,3.0,1.417
Northern,2024,3,2,Stressed,0.968,Alert field teams — pre-position supplies,-2.59,→ Stable,0,0.4583,17.575,0,3.0,1.476
Northern,2024,3,2,Stressed,0.577,Alert field teams — pre-position supplies,-2.45,→ Stable,0,0.4496,-19.975,0,3.0,1.5
Oti,2024,3,2,Stressed,0.991,Alert field teams — pre-position supplies,-2.52,→ Stable,0,0.4055,16.825,0,1.0,0.268
Oti,2024,3,2,Stressed,0.989,Alert field teams — pre-position supplies,-2.47,→ Stable,0,0.3997,-4.675,0,1.0,0.147
Oti,2024,3,2,Stressed,0.991,Alert field teams — pre-position supplies,-2.51,→ Stable,0,0.3981,15.175,0,1.0,0.252
Upper East,2024,3,2,Stressed,0.986,Alert field teams — pre-position supplies,-6.92,↓ Falling,0,0.4482,23.4,0,1.0,1.334
Upper East,2024,3,2,Stressed,0.988,Alert field teams — pre-position supplies,-7.41,↓ Falling,0,0.445,16.175,0,1.0,1.262
Upper East,2024,3,2,Stressed,0.989,Alert field teams — pre-position supplies,-7.55,↓ Falling,0,0.4394,9.8,0,1.0,1.198
Upper West,2024,3,2,Stressed,0.987,Alert field teams — pre-position supplies,-8.21,↓ Falling,0,0.4293,-15.45,0,2.0,1.354
Upper West,2024,3,2,Stressed,0.988,Alert field teams — pre-position supplies,-8.12,↓ Falling,0,0.4295,17.15,0,2.0,1.372
Upper West,2024,3,2,Stressed,0.982,Alert field teams — pre-position supplies,-8.15,↓ Falling,0,0.4465,-18.775,0,2.0,1.388
Ahafo,2024,3,1,Minimal,1.0,No action needed — continue monitoring,-2.77,→ Stable,0,0.4191,17.4,0,0.0,0.174
Ashanti,2024,3,1,Minimal,0.997,No action needed — continue monitoring,-14.06,↓ Falling,0,0.409,0.875,0,1.0,0.109
Ashanti,2024,3,1,Minimal,0.997,No action needed — continue monitoring,-13.7,↓ Falling,0,0.4569,3.275,0,1.0,0.133
Ashanti,2024,3,1,Minimal,0.997,No action needed — continue monitoring,-13.95,↓ Falling,0,0.408,-5.2,0,1.0,0.152
Ashanti,2024,3,1,Minimal,0.997,No action needed — continue monitoring,-13.92,↓ Falling,0,0.4125,0.9,0,1.0,0.109
Bono,2024,3,1,Minimal,0.995,No action needed — continue monitoring,-13.34,↓ Falling,0,0.4293,10.175,0,2.0,0.302
Bono,2024,3,1,Minimal,0.995,No action needed — continue monitoring,-13.42,↓ Falling,0,0.4407,12.7,0,2.0,0.327
Bono,2024,3,1,Minimal,0.996,No action needed — continue monitoring,-13.12,↓ Falling,0,0.4385,18.675,0,2.0,0.387
Bono,2024,3,1,Minimal,0.996,No action needed — continue monitoring,-13.41,↓ Falling,0,0.4267,8.625,0,2.0,0.286
Bono,2024,3,1,Minimal,0.995,No action needed — continue monitoring,-13.9,↓ Falling,0,0.4379,-15.15,0,2.0,0.352
Bono East,2024,3,1,Minimal,0.999,No action needed — continue monitoring,-2.57,→ Stable,0,0.4626,-5.175,0,0.0,0.052
Bono East,2024,3,1,Minimal,0.999,No action needed — continue monitoring,-2.55,→ Stable,0,0.4422,33.15,0,0.0,0.332
Central,2024,3,1,Minimal,0.999,No action needed — continue monitoring,-3.55,→ Stable,0,0.4157,-9.875,0,0.0,0.099
Central,2024,3,1,Minimal,0.999,No action needed — continue monitoring,-3.64,→ Stable,0,0.4343,-15.425,0,0.0,0.154
Central,2024,3,1,Minimal,0.999,No action needed — continue monitoring,-2.54,→ Stable,0,0.4308,16.925,0,0.0,0.169
Eastern,2024,3,1,Minimal,0.997,No action needed — continue monitoring,-13.68,↓ Falling,0,0.4165,4.6,0,1.0,0.146
Eastern,2024,3,1,Minimal,0.997,No action needed — continue monitoring,-13.87,↓ Falling,0,0.4172,-6.95,0,1.0,0.17
Eastern,2024,3,1,Minimal,0.997,No action needed — continue monitoring,-13.93,↓ Falling,0,0.4182,-3.55,0,1.0,0.136
Greater Accra,2024,3,1,Minimal,0.997,No action needed — continue monitoring,-2.29,→ Stable,0,0.4276,-8.975,0,1.0,0.19
Greater Accra,2024,3,1,Minimal,0.997,No action needed — continue monitoring,-2.55,→ Stable,0,0.4032,-4.375,0,1.0,0.144
Greater Accra,2024,3,1,Minimal,0.997,No action needed — continue monitoring,-2.16,→ Stable,0,0.4123,17.075,0,1.0,0.271
Greater Accra,2024,3,1,Minimal,0.997,No action needed — continue monitoring,-2.56,→ Stable,0,0.4054,-2.175,0,1.0,0.122
Volta,2024,3,1,Minimal,0.999,No action needed — continue monitoring,-11.32,↓ Falling,0,0.4301,6.25,0,0.0,0.062
Volta,2024,3,1,Minimal,0.999,No action needed — continue monitoring,-11.61,↓ Falling,0,0.4261,6.05,0,0.0,0.06
Volta,2024,3,1,Minimal,0.999,No action needed — continue monitoring,-11.7,↓ Falling,0,0.4389,-8.275,0,0.0,0.083
Volta,2024,3,1,Minimal,0.999,No action needed — continue monitoring,-11.36,↓ Falling,0,0.4316,12.2,0,0.0,0.122
Western,2024,3,1,Minimal,0.997,No action needed — continue monitoring,-6.55,↓ Falling,0,0.4208,8.35,0,2.0,0.284
Western,2024,3,1,Minimal,0.997,No action needed — continue monitoring,-6.65,↓ Falling,0,0.4281,-7.85,0,2.0,0.278
Western,2024,3,1,Minimal,0.997,No action needed — continue monitoring,-6.8,↓ Falling,0,0.4341,-3.875,0,2.0,0.239
Savannah,2024,4,3,Crisis,0.993,Deploy food stocks and vouchers immediately,-3.64,→ Stable,0,0.4303,0.0,0,4.0,1.4
Savannah,2024,4,3,Crisis,0.992,Deploy food stocks and vouchers immediately,-3.28,→ Stable,0,0.4257,0.0,0,4.0,1.4
Savannah,2024,4,3,Crisis,0.993,Deploy food stocks and vouchers immediately,-3.57,→ Stable,0,0.4315,0.0,0,4.0,1.4
Upper East,2024,4,3,Crisis,0.996,Deploy food stocks and vouchers immediately,-12.24,↓ Falling,0,0.4412,0.0,0,5.0,1.5
Upper East,2024,4,3,Crisis,0.996,Deploy food stocks and vouchers immediately,-12.58,↓ Falling,0,0.4376,0.0,0,5.0,1.5
Upper East,2024,4,3,Crisis,0.996,Deploy food stocks and vouchers immediately,-11.17,↓ Falling,0,0.4485,0.0,0,5.0,1.5
Upper East,2024,4,3,Crisis,0.996,Deploy food stocks and vouchers immediately,-12.32,↓ Falling,0,0.4348,0.0,0,5.0,1.5
Ashanti,2024,4,2,Stressed,0.979,Alert field teams — pre-position supplies,-6.2,↓ Falling,0,0.4094,-37.3,0,2.0,0.573
Bono,2024,4,2,Stressed,0.981,Alert field teams — pre-position supplies,-6.77,↓ Falling,0,0.3973,-25.267,0,3.0,0.553
Eastern,2024,4,2,Stressed,0.983,Alert field teams — pre-position supplies,0.37,→ Stable,0,0.4016,-31.167,0,1.0,0.412
Eastern,2024,4,2,Stressed,0.979,Alert field teams — pre-position supplies,0.25,→ Stable,0,0.3964,-22.033,0,1.0,0.32
Greater Accra,2024,4,2,Stressed,0.978,Alert field teams — pre-position supplies,-17.2,↓ Falling,0,0.4043,-24.3,0,1.0,0.343
North East,2024,4,2,Stressed,0.994,Alert field teams — pre-position supplies,-3.85,→ Stable,0,0.4318,0.0,0,2.0,1.2
North East,2024,4,2,Stressed,0.994,Alert field teams — pre-position supplies,-3.94,→ Stable,0,0.4378,0.0,0,2.0,1.2
North East,2024,4,2,Stressed,0.994,Alert field teams — pre-position supplies,-4.05,→ Stable,0,0.4368,0.0,0,2.0,1.2
Northern,2024,4,2,Stressed,0.992,Alert field teams — pre-position supplies,-14.62,↓ Falling,0,0.426,0.0,0,1.0,1.1
Northern,2024,4,2,Stressed,0.992,Alert field teams — pre-position supplies,-14.38,↓ Falling,0,0.4234,0.0,0,1.0,1.1
Northern,2024,4,2,Stressed,0.992,Alert field teams — pre-position supplies,-14.31,↓ Falling,0,0.4206,0.0,0,1.0,1.1
Northern,2024,4,2,Stressed,0.992,Alert field teams — pre-position supplies,-14.89,↓ Falling,0,0.4234,0.0,0,1.0,1.1
Northern,2024,4,2,Stressed,0.992,Alert field teams — pre-position supplies,-14.51,↓ Falling,0,0.421,0.0,0,1.0,1.1
Oti,2024,4,2,Stressed,0.992,Alert field teams — pre-position supplies,-3.77,→ Stable,0,0.4019,-14.367,0,2.0,0.344
Oti,2024,4,2,Stressed,0.991,Alert field teams — pre-position supplies,-3.12,→ Stable,0,0.4144,29.2,0,2.0,0.492
Oti,2024,4,2,Stressed,0.992,Alert field teams — pre-position supplies,-3.07,→ Stable,0,0.3915,13.233,0,2.0,0.332
Upper West,2024,4,2,Stressed,0.992,Alert field teams — pre-position supplies,-11.12,↓ Falling,0,0.4226,0.0,0,1.0,1.1
Upper West,2024,4,2,Stressed,0.992,Alert field teams — pre-position supplies,-11.27,↓ Falling,0,0.4205,0.0,0,1.0,1.1
Upper West,2024,4,2,Stressed,0.992,Alert field teams — pre-position supplies,-10.77,↓ Falling,0,0.4273,0.0,0,1.0,1.1
Upper West,2024,4,2,Stressed,0.992,Alert field teams — pre-position supplies,-11.35,↓ Falling,0,0.4338,0.0,0,1.0,1.1
Ahafo,2024,4,1,Minimal,0.999,No action needed — continue monitoring,-2.32,→ Stable,0,0.408,25.167,0,0.0,0.252
Ahafo,2024,4,1,Minimal,0.999,No action needed — continue monitoring,-2.88,→ Stable,0,0.5034,21.367,0,0.0,0.214
Ashanti,2024,4,1,Minimal,0.996,No action needed — continue monitoring,-4.61,→ Stable,0,0.3978,19.5,0,2.0,0.395
Ashanti,2024,4,1,Minimal,0.991,No action needed — continue monitoring,-5.37,↓ Falling,0,0.453,36.067,0,2.0,0.561
Ashanti,2024,4,1,Minimal,0.996,No action needed — continue monitoring,-5.21,↓ Falling,0,0.3957,9.333,0,2.0,0.293
Bono,2024,4,1,Minimal,0.991,No action needed — continue monitoring,-5.85,↓ Falling,0,0.4036,21.8,0,3.0,0.518
Bono,2024,4,1,Minimal,0.991,No action needed — continue monitoring,-6.25,↓ Falling,0,0.4086,16.833,0,3.0,0.468
Bono,2024,4,1,Minimal,0.984,No action needed — continue monitoring,-6.14,↓ Falling,0,0.4162,35.267,0,3.0,0.653
Bono,2024,4,1,Minimal,0.982,No action needed — continue monitoring,-5.84,↓ Falling,0,0.4113,-14.667,0,3.0,0.447
Bono East,2024,4,1,Minimal,0.999,No action needed — continue monitoring,-2.86,→ Stable,0,0.4069,5.567,0,0.0,0.056
Bono East,2024,4,1,Minimal,0.999,No action needed — continue monitoring,-2.95,→ Stable,0,0.439,6.167,0,0.0,0.062
Central,2024,4,1,Minimal,0.999,No action needed — continue monitoring,-11.36,↓ Falling,0,0.4158,22.033,0,0.0,0.22
Central,2024,4,1,Minimal,0.987,No action needed — continue monitoring,-10.54,↓ Falling,0,0.4122,-26.0,0,0.0,0.26
Central,2024,4,1,Minimal,0.999,No action needed — continue monitoring,-12.72,↓ Falling,0,0.4124,-5.433,0,0.0,0.054
Eastern,2024,4,1,Minimal,0.989,No action needed — continue monitoring,0.48,→ Stable,0,0.4151,46.167,0,1.0,0.562
Greater Accra,2024,4,1,Minimal,0.997,No action needed — continue monitoring,-16.96,↓ Falling,0,0.4061,4.433,0,1.0,0.144
Greater Accra,2024,4,1,Minimal,0.997,No action needed — continue monitoring,-17.45,↓ Falling,0,0.4545,-14.1,0,1.0,0.241
Greater Accra,2024,4,1,Minimal,0.996,No action needed — continue monitoring,-14.08,↓ Falling,0,0.4158,27.167,0,1.0,0.372
Greater Accra,2024,4,1,Minimal,0.997,No action needed — continue monitoring,-15.83,↓ Falling,0,0.3998,3.2,0,1.0,0.132
Volta,2024,4,1,Minimal,0.999,No action needed — continue monitoring,-6.02,↓ Falling,0,0.4167,-8.233,0,0.0,0.082
Volta,2024,4,1,Minimal,0.999,No action needed — continue monitoring,-5.75,↓ Falling,0,0.4104,-7.967,0,0.0,0.08
Volta,2024,4,1,Minimal,0.999,No action needed — continue monitoring,-5.65,↓ Falling,0,0.4256,7.233,0,0.0,0.072
Volta,2024,4,1,Minimal,0.999,No action needed — continue monitoring,-5.47,↓ Falling,0,0.4164,-13.833,0,0.0,0.138
Western,2024,4,1,Minimal,0.997,No action needed — continue monitoring,-7.24,↓ Falling,0,0.4025,4.033,0,2.0,0.24
Western,2024,4,1,Minimal,0.988,No action needed — continue monitoring,-8.07,↓ Falling,0,0.429,40.533,0,2.0,0.605
Western,2024,4,1,Minimal,0.996,No action needed — continue monitoring,-7.36,↓ Falling,0,0.4187,16.367,0,2.0,0.364
Central,2024,5,3,Crisis,0.981,Deploy food stocks and vouchers immediately,-5.46,↓ Falling,0,0.4697,-58.367,0,2.0,0.784
Ashanti,2024,5,2,Stressed,0.975,Alert field teams — pre-position supplies,-4.34,→ Stable,0,0.4603,-26.767,0,1.0,0.368
Bono,2024,5,2,Stressed,0.972,Alert field teams — pre-position supplies,-4.67,→ Stable,0,0.401,-20.667,0,1.0,0.307
Bono,2024,5,2,Stressed,0.974,Alert field teams — pre-position supplies,-5.1,↓ Falling,0,0.3993,-23.433,0,1.0,0.334
Bono,2024,5,2,Stressed,0.976,Alert field teams — pre-position supplies,-5.15,↓ Falling,0,0.406,-29.5,0,1.0,0.395
Bono East,2024,5,2,Stressed,0.921,Alert field teams — pre-position supplies,-1.14,→ Stable,0,0.4756,-44.3,0,0.0,0.443
North East,2024,5,2,Stressed,0.993,Alert field teams — pre-position supplies,-1.36,→ Stable,0,0.4216,0.0,0,2.0,1.2
North East,2024,5,2,Stressed,0.993,Alert field teams — pre-position supplies,-1.82,→ Stable,0,0.4281,0.0,0,2.0,1.2
North East,2024,5,2,Stressed,0.993,Alert field teams — pre-position supplies,-1.46,→ Stable,0,0.428,0.0,0,2.0,1.2
Northern,2024,5,2,Stressed,0.989,Alert field teams — pre-position supplies,-3.27,→ Stable,0,0.4225,0.0,0,1.0,1.1
Northern,2024,5,2,Stressed,0.989,Alert field teams — pre-position supplies,-3.4,→ Stable,0,0.4255,0.0,0,1.0,1.1
Northern,2024,5,2,Stressed,0.989,Alert field teams — pre-position supplies,-3.23,→ Stable,0,0.4222,0.0,0,1.0,1.1
Northern,2024,5,2,Stressed,0.989,Alert field teams — pre-position supplies,-3.31,→ Stable,0,0.4243,0.0,0,1.0,1.1
Northern,2024,5,2,Stressed,0.989,Alert field teams — pre-position supplies,-3.32,→ Stable,0,0.4256,0.0,0,1.0,1.1
Savannah,2024,5,2,Stressed,0.991,Alert field teams — pre-position supplies,-1.66,→ Stable,0,0.4385,0.0,0,3.0,1.3
Savannah,2024,5,2,Stressed,0.991,Alert field teams — pre-position supplies,-1.76,→ Stable,0,0.4211,0.0,0,3.0,1.3
Savannah,2024,5,2,Stressed,0.991,Alert field teams — pre-position supplies,-1.3,→ Stable,0,0.4119,0.0,0,3.0,1.3
Upper East,2024,5,2,Stressed,0.99,Alert field teams — pre-position supplies,-5.66,↓ Falling,0,0.4396,0.0,0,2.0,1.2
Upper East,2024,5,2,Stressed,0.99,Alert field teams — pre-position supplies,-6.0,↓ Falling,0,0.4385,0.0,0,2.0,1.2
Upper East,2024,5,2,Stressed,0.99,Alert field teams — pre-position supplies,-5.72,↓ Falling,0,0.4419,0.0,0,2.0,1.2
Upper East,2024,5,2,Stressed,0.99,Alert field teams — pre-position supplies,-6.1,↓ Falling,0,0.4343,0.0,0,2.0,1.2
Upper West,2024,5,2,Stressed,0.99,Alert field teams — pre-position supplies,-6.37,↓ Falling,0,0.4192,0.0,0,2.0,1.2
Upper West,2024,5,2,Stressed,0.99,Alert field teams — pre-position supplies,-6.78,↓ Falling,0,0.4192,0.0,0,2.0,1.2
Upper West,2024,5,2,Stressed,0.99,Alert field teams — pre-position supplies,-6.24,↓ Falling,0,0.4317,0.0,0,2.0,1.2
Upper West,2024,5,2,Stressed,0.99,Alert field teams — pre-position supplies,-6.84,↓ Falling,0,0.4206,0.0,0,2.0,1.2
Ahafo,2024,5,1,Minimal,0.999,No action needed — continue monitoring,-0.84,→ Stable,0,0.4151,24.433,0,0.0,0.244
Ahafo,2024,5,1,Minimal,0.999,No action needed — continue monitoring,-0.88,→ Stable,0,0.4884,11.7,0,0.0,0.117
Ashanti,2024,5,1,Minimal,0.997,No action needed — continue monitoring,-4.14,→ Stable,0,0.3912,1.867,0,1.0,0.119
Ashanti,2024,5,1,Minimal,0.996,No action needed — continue monitoring,-3.89,→ Stable,0,0.3945,-11.633,0,1.0,0.216
Ashanti,2024,5,1,Minimal,0.996,No action needed — continue monitoring,-4.3,→ Stable,0,0.3971,-6.933,0,1.0,0.169
Bono,2024,5,1,Minimal,0.924,No action needed — continue monitoring,-5.33,↓ Falling,0,0.3992,-19.933,0,1.0,0.299
Bono,2024,5,1,Minimal,0.996,No action needed — continue monitoring,-4.9,→ Stable,0,0.396,-9.4,0,1.0,0.194
Bono East,2024,5,1,Minimal,0.999,No action needed — continue monitoring,-0.71,→ Stable,0,0.418,23.167,0,0.0,0.232
Central,2024,5,1,Minimal,0.994,No action needed — continue monitoring,-5.5,↓ Falling,0,0.4104,29.733,0,2.0,0.497
Central,2024,5,1,Minimal,0.997,No action needed — continue monitoring,-5.69,↓ Falling,0,0.4025,-4.2,0,2.0,0.242
Eastern,2024,5,1,Minimal,0.997,No action needed — continue monitoring,-6.28,↓ Falling,0,0.398,4.967,0,1.0,0.15
Eastern,2024,5,1,Minimal,0.997,No action needed — continue monitoring,-6.63,↓ Falling,0,0.3995,15.467,0,1.0,0.255
Eastern,2024,5,1,Minimal,0.997,No action needed — continue monitoring,-6.23,↓ Falling,0,0.3943,2.2,0,1.0,0.122
Greater Accra,2024,5,1,Minimal,0.995,No action needed — continue monitoring,4.23,→ Stable,0,0.397,-13.267,0,2.0,0.333
Greater Accra,2024,5,1,Minimal,0.995,No action needed — continue monitoring,4.65,→ Stable,0,0.4462,-14.733,0,2.0,0.347
Greater Accra,2024,5,1,Minimal,0.996,No action needed — continue monitoring,4.8,→ Stable,0,0.3937,5.767,0,2.0,0.258
Greater Accra,2024,5,1,Minimal,0.996,No action needed — continue monitoring,4.59,→ Stable,0,0.3999,5.8,0,2.0,0.258
Greater Accra,2024,5,1,Minimal,0.992,No action needed — continue monitoring,4.3,→ Stable,0,0.4002,20.167,0,2.0,0.402
Oti,2024,5,1,Minimal,0.994,No action needed — continue monitoring,-0.67,→ Stable,0,0.4015,-2.9,0,0.0,0.029
Oti,2024,5,1,Minimal,0.966,No action needed — continue monitoring,-0.65,→ Stable,0,0.4039,25.733,0,0.0,0.257
Oti,2024,5,1,Minimal,0.963,No action needed — continue monitoring,-0.69,→ Stable,0,0.4058,32.2,0,0.0,0.322
Volta,2024,5,1,Minimal,0.997,No action needed — continue monitoring,-6.58,↓ Falling,0,0.4028,0.167,0,1.0,0.102
Volta,2024,5,1,Minimal,0.997,No action needed — continue monitoring,-6.53,↓ Falling,0,0.4031,12.533,0,1.0,0.225
Volta,2024,5,1,Minimal,0.992,No action needed — continue monitoring,-7.06,↓ Falling,0,0.4374,41.733,0,1.0,0.517
Volta,2024,5,1,Minimal,0.994,No action needed — continue monitoring,-6.74,↓ Falling,0,0.4173,31.2,0,1.0,0.412
Western,2024,5,1,Minimal,0.999,No action needed — continue monitoring,-6.52,↓ Falling,0,0.3971,-12.5,0,0.0,0.125
Western,2024,5,1,Minimal,0.998,No action needed — continue monitoring,-7.02,↓ Falling,0,0.4281,45.167,0,0.0,0.452
Western,2024,5,1,Minimal,0.999,No action needed — continue monitoring,-6.51,↓ Falling,0,0.3999,-7.3,0,0.0,0.073
Central,2024,6,3,Crisis,0.985,Deploy food stocks and vouchers immediately,11.25,↑ Rising,0,0.4523,-46.633,0,1.0,0.566
Eastern,2024,6,3,Crisis,0.939,Deploy food stocks and vouchers immediately,14.19,↑ Rising,0,0.4149,-34.5,0,1.0,0.445
Greater Accra,2024,6,3,Crisis,0.98,Deploy food stocks and vouchers immediately,8.64,↑ Rising,0,0.4521,-41.767,0,1.0,0.518
Greater Accra,2024,6,3,Crisis,0.984,Deploy food stocks and vouchers immediately,8.41,↑ Rising,0,0.4587,-43.267,0,1.0,0.533
Northern,2024,6,3,Crisis,0.982,Deploy food stocks and vouchers immediately,15.4,↑ Rising,0,0.4388,0.0,0,3.0,0.3
Northern,2024,6,3,Crisis,0.982,Deploy food stocks and vouchers immediately,15.44,↑ Rising,0,0.443,0.0,0,3.0,0.3
Northern,2024,6,3,Crisis,0.982,Deploy food stocks and vouchers immediately,15.41,↑ Rising,0,0.4411,0.0,0,3.0,0.3
Northern,2024,6,3,Crisis,0.981,Deploy food stocks and vouchers immediately,15.24,↑ Rising,0,0.4397,0.0,0,3.0,0.3
Northern,2024,6,3,Crisis,0.98,Deploy food stocks and vouchers immediately,15.19,↑ Rising,0,0.4377,0.0,0,3.0,0.3
Upper East,2024,6,3,Crisis,0.983,Deploy food stocks and vouchers immediately,13.68,↑ Rising,0,0.4215,0.0,0,1.0,0.1
Upper East,2024,6,3,Crisis,0.984,Deploy food stocks and vouchers immediately,13.56,↑ Rising,0,0.4199,0.0,0,1.0,0.1
Upper East,2024,6,3,Crisis,0.983,Deploy food stocks and vouchers immediately,13.67,↑ Rising,0,0.4267,0.0,0,1.0,0.1
Upper East,2024,6,3,Crisis,0.984,Deploy food stocks and vouchers immediately,13.63,↑ Rising,0,0.4164,0.0,0,1.0,0.1
Volta,2024,6,3,Crisis,0.941,Deploy food stocks and vouchers immediately,8.98,↑ Rising,0,0.4618,-51.867,0,0.0,0.519
Ashanti,2024,6,2,Stressed,0.896,Alert field teams — pre-position supplies,-1.62,→ Stable,0,0.4028,-20.167,0,1.0,0.302
Ashanti,2024,6,2,Stressed,0.981,Alert field teams — pre-position supplies,-1.46,→ Stable,0,0.4185,-37.5,0,1.0,0.475
Bono,2024,6,2,Stressed,0.972,Alert field teams — pre-position supplies,9.26,↑ Rising,0,0.4228,32.7,0,3.0,0.627
Bono,2024,6,2,Stressed,0.987,Alert field teams — pre-position supplies,9.29,↑ Rising,0,0.411,11.467,0,3.0,0.415
Bono,2024,6,2,Stressed,0.986,Alert field teams — pre-position supplies,9.32,↑ Rising,0,0.4119,19.467,0,3.0,0.495
Bono,2024,6,2,Stressed,0.99,Alert field teams — pre-position supplies,9.3,↑ Rising,0,0.4101,0.133,0,3.0,0.301
Bono,2024,6,2,Stressed,0.99,Alert field teams — pre-position supplies,9.44,↑ Rising,0,0.4088,-3.8,0,3.0,0.338
Central,2024,6,2,Stressed,0.988,Alert field teams — pre-position supplies,11.49,↑ Rising,0,0.4531,17.5,0,1.0,0.275
Central,2024,6,2,Stressed,0.99,Alert field teams — pre-position supplies,11.28,↑ Rising,0,0.3939,-20.1,0,1.0,0.301
Eastern,2024,6,2,Stressed,0.984,Alert field teams — pre-position supplies,14.36,↑ Rising,0,0.4084,24.767,0,1.0,0.348
Eastern,2024,6,2,Stressed,0.974,Alert field teams — pre-position supplies,14.07,↑ Rising,0,0.411,-11.467,0,1.0,0.215
Greater Accra,2024,6,2,Stressed,0.985,Alert field teams — pre-position supplies,8.46,↑ Rising,0,0.4166,32.133,0,1.0,0.421
Greater Accra,2024,6,2,Stressed,0.984,Alert field teams — pre-position supplies,8.65,↑ Rising,0,0.4581,-7.7,0,1.0,0.177
Greater Accra,2024,6,2,Stressed,0.987,Alert field teams — pre-position supplies,8.71,↑ Rising,0,0.4018,-14.233,0,1.0,0.242
North East,2024,6,2,Stressed,0.998,Alert field teams — pre-position supplies,0.97,→ Stable,0,0.3984,0.0,0,2.0,0.2
North East,2024,6,2,Stressed,0.998,Alert field teams — pre-position supplies,1.04,→ Stable,0,0.4006,0.0,0,2.0,0.2
North East,2024,6,2,Stressed,0.998,Alert field teams — pre-position supplies,1.13,→ Stable,0,0.4007,0.0,0,2.0,0.2
Oti,2024,6,2,Stressed,0.991,Alert field teams — pre-position supplies,0.82,→ Stable,0,0.4004,7.4,0,2.0,0.274
Oti,2024,6,2,Stressed,0.99,Alert field teams — pre-position supplies,1.05,→ Stable,0,0.4004,-1.333,0,2.0,0.213
Oti,2024,6,2,Stressed,0.939,Alert field teams — pre-position supplies,0.71,→ Stable,0,0.4271,-37.7,0,2.0,0.577
Savannah,2024,6,2,Stressed,0.998,Alert field teams — pre-position supplies,1.0,→ Stable,0,0.4099,0.0,0,3.0,0.3
Savannah,2024,6,2,Stressed,0.998,Alert field teams — pre-position supplies,0.94,→ Stable,0,0.4061,0.0,0,3.0,0.3
Savannah,2024,6,2,Stressed,0.998,Alert field teams — pre-position supplies,0.93,→ Stable,0,0.4025,0.0,0,3.0,0.3
Upper West,2024,6,2,Stressed,0.983,Alert field teams — pre-position supplies,7.65,↑ Rising,0,0.4085,0.0,0,2.0,0.2
Upper West,2024,6,2,Stressed,0.983,Alert field teams — pre-position supplies,7.4,↑ Rising,0,0.4092,0.0,0,2.0,0.2
Upper West,2024,6,2,Stressed,0.983,Alert field teams — pre-position supplies,7.69,↑ Rising,0,0.4148,0.0,0,2.0,0.2
Upper West,2024,6,2,Stressed,0.983,Alert field teams — pre-position supplies,7.4,↑ Rising,0,0.4093,0.0,0,2.0,0.2
Volta,2024,6,2,Stressed,0.916,Alert field teams — pre-position supplies,8.94,↑ Rising,0,0.4198,-28.567,0,0.0,0.286
Ahafo,2024,6,1,Minimal,0.983,No action needed — continue monitoring,0.79,→ Stable,0,0.4212,-33.6,0,0.0,0.336
Ahafo,2024,6,1,Minimal,0.999,No action needed — continue monitoring,0.69,→ Stable,0,0.4571,34.067,0,0.0,0.341
Ashanti,2024,6,1,Minimal,0.995,No action needed — continue monitoring,-1.98,→ Stable,0,0.4148,23.633,0,1.0,0.336
Ashanti,2024,6,1,Minimal,0.996,No action needed — continue monitoring,-1.85,→ Stable,0,0.3975,8.033,0,1.0,0.18
Bono East,2024,6,1,Minimal,0.999,No action needed — continue monitoring,0.44,→ Stable,0,0.4497,20.667,0,0.0,0.207
Bono East,2024,6,1,Minimal,0.999,No action needed — continue monitoring,0.64,→ Stable,0,0.4151,32.3,0,0.0,0.323
Volta,2024,6,1,Minimal,0.973,No action needed — continue monitoring,8.93,↑ Rising,0,0.4016,-7.5,0,0.0,0.075
Volta,2024,6,1,Minimal,0.935,No action needed — continue monitoring,8.97,↑ Rising,0,0.4295,-18.6,0,0.0,0.186
Western,2024,6,1,Minimal,0.995,No action needed — continue monitoring,4.67,→ Stable,0,0.3976,-15.733,0,1.0,0.257
Western,2024,6,1,Minimal,0.995,No action needed — continue monitoring,4.03,→ Stable,0,0.4265,29.067,0,1.0,0.391
Western,2024,6,1,Minimal,0.995,No action needed — continue monitoring,4.6,→ Stable,0,0.3998,-13.0,0,1.0,0.23
Bono,2024,7,3,Crisis,0.867,Deploy food stocks and vouchers immediately,10.7,↑ Rising,0,0.4645,-46.5,0,0.0,0.465
Bono,2024,7,3,Crisis,0.886,Deploy food stocks and vouchers immediately,10.8,↑ Rising,0,0.4551,-41.067,0,0.0,0.411
Eastern,2024,7,3,Crisis,0.987,Deploy food stocks and vouchers immediately,7.38,↑ Rising,0,0.4822,-60.767,0,1.0,0.708
Eastern,2024,7,3,Crisis,0.936,Deploy food stocks and vouchers immediately,6.97,↑ Rising,0,0.5225,66.033,1,1.0,2.76
Upper East,2024,7,3,Crisis,0.981,Deploy food stocks and vouchers immediately,14.51,↑ Rising,0,0.4203,0.0,0,1.0,0.1
Upper East,2024,7,3,Crisis,0.979,Deploy food stocks and vouchers immediately,14.36,↑ Rising,0,0.4212,0.0,0,1.0,0.1
Upper East,2024,7,3,Crisis,0.978,Deploy food stocks and vouchers immediately,14.52,↑ Rising,0,0.4262,0.0,0,1.0,0.1
Upper East,2024,7,3,Crisis,0.982,Deploy food stocks and vouchers immediately,14.49,↑ Rising,0,0.4206,0.0,0,1.0,0.1
Ashanti,2024,7,2,Stressed,0.874,Alert field teams — pre-position supplies,13.97,↑ Rising,0,0.4079,-24.633,0,0.0,0.246
Ashanti,2024,7,2,Stressed,0.951,Alert field teams — pre-position supplies,13.91,↑ Rising,0,0.4194,-20.767,0,0.0,0.208
Ashanti,2024,7,2,Stressed,0.973,Alert field teams — pre-position supplies,14.16,↑ Rising,0,0.4238,21.5,0,0.0,0.215
Ashanti,2024,7,2,Stressed,0.955,Alert field teams — pre-position supplies,13.72,↑ Rising,0,0.4302,49.1,0,0.0,0.491
Central,2024,7,2,Stressed,0.902,Alert field teams — pre-position supplies,2.11,→ Stable,0,0.4827,-34.067,0,4.0,0.741
Central,2024,7,2,Stressed,0.985,Alert field teams — pre-position supplies,2.05,→ Stable,0,0.462,-5.367,0,4.0,0.454
Central,2024,7,2,Stressed,0.986,Alert field teams — pre-position supplies,2.18,→ Stable,0,0.4094,-9.867,0,4.0,0.499
Greater Accra,2024,7,2,Stressed,0.924,Alert field teams — pre-position supplies,10.37,↑ Rising,0,0.4624,-35.267,0,0.0,0.353
Greater Accra,2024,7,2,Stressed,0.897,Alert field teams — pre-position supplies,10.26,↑ Rising,0,0.419,-39.733,0,0.0,0.397
North East,2024,7,2,Stressed,0.998,Alert field teams — pre-position supplies,1.1,→ Stable,0,0.4004,0.0,0,2.0,0.2
North East,2024,7,2,Stressed,0.998,Alert field teams — pre-position supplies,1.12,→ Stable,0,0.4017,0.0,0,2.0,0.2
North East,2024,7,2,Stressed,0.998,Alert field teams — pre-position supplies,1.16,→ Stable,0,0.4071,0.0,0,2.0,0.2
Oti,2024,7,2,Stressed,0.987,Alert field teams — pre-position supplies,1.06,→ Stable,0,0.4033,-7.667,0,1.0,0.177
Oti,2024,7,2,Stressed,0.986,Alert field teams — pre-position supplies,1.07,→ Stable,0,0.4002,4.867,0,1.0,0.149
Oti,2024,7,2,Stressed,0.986,Alert field teams — pre-position supplies,1.01,→ Stable,0,0.4143,-5.7,0,1.0,0.157
Savannah,2024,7,2,Stressed,0.998,Alert field teams — pre-position supplies,1.31,→ Stable,0,0.4087,0.0,0,2.0,0.2
Savannah,2024,7,2,Stressed,0.998,Alert field teams — pre-position supplies,1.28,→ Stable,0,0.4063,0.0,0,2.0,0.2
Savannah,2024,7,2,Stressed,0.998,Alert field teams — pre-position supplies,1.29,→ Stable,0,0.4087,0.0,0,2.0,0.2
Upper West,2024,7,2,Stressed,0.948,Alert field teams — pre-position supplies,11.29,↑ Rising,0,0.421,0.0,0,0.0,0.0
Upper West,2024,7,2,Stressed,0.948,Alert field teams — pre-position supplies,11.16,↑ Rising,0,0.4141,0.0,0,0.0,0.0
Upper West,2024,7,2,Stressed,0.948,Alert field teams — pre-position supplies,11.26,↑ Rising,0,0.4295,0.0,0,0.0,0.0
Upper West,2024,7,2,Stressed,0.948,Alert field teams — pre-position supplies,11.12,↑ Rising,0,0.4201,0.0,0,0.0,0.0
Volta,2024,7,2,Stressed,0.982,Alert field teams — pre-position supplies,10.22,↑ Rising,0,0.4609,39.333,0,2.0,0.593
Volta,2024,7,2,Stressed,0.99,Alert field teams — pre-position supplies,10.09,↑ Rising,0,0.3979,12.267,0,2.0,0.323
Volta,2024,7,2,Stressed,0.99,Alert field teams — pre-position supplies,10.01,↑ Rising,0,0.4279,13.467,0,2.0,0.335
Volta,2024,7,2,Stressed,0.989,Alert field teams — pre-position supplies,10.13,↑ Rising,0,0.4092,-1.3,0,2.0,0.213
Western,2024,7,2,Stressed,0.973,Alert field teams — pre-position supplies,14.07,↑ Rising,0,0.4106,15.867,0,0.0,0.159
Western,2024,7,2,Stressed,0.975,Alert field teams — pre-position supplies,14.11,↑ Rising,0,0.4505,34.633,0,0.0,0.346
Western,2024,7,2,Stressed,0.974,Alert field teams — pre-position supplies,13.98,↑ Rising,0,0.4146,3.8,0,0.0,0.038
Ahafo,2024,7,1,Minimal,0.999,No action needed — continue monitoring,0.81,→ Stable,0,0.416,23.467,0,0.0,0.235
Ahafo,2024,7,1,Minimal,0.999,No action needed — continue monitoring,0.7,→ Stable,0,0.4065,-3.133,0,0.0,0.031
Bono,2024,7,1,Minimal,0.97,No action needed — continue monitoring,10.83,↑ Rising,0,0.4098,-1.033,0,0.0,0.01
Bono,2024,7,1,Minimal,0.97,No action needed — continue monitoring,10.95,↑ Rising,0,0.409,-1.567,0,0.0,0.016
Bono,2024,7,1,Minimal,0.957,No action needed — continue monitoring,10.82,↑ Rising,0,0.4131,-17.633,0,0.0,0.176
Bono East,2024,7,1,Minimal,0.999,No action needed — continue monitoring,0.84,→ Stable,0,0.458,27.2,0,0.0,0.272
Bono East,2024,7,1,Minimal,0.999,No action needed — continue monitoring,1.01,→ Stable,0,0.407,1.133,0,0.0,0.011
Eastern,2024,7,1,Minimal,0.996,No action needed — continue monitoring,7.55,↑ Rising,0,0.4097,17.633,0,1.0,0.276
Greater Accra,2024,7,1,Minimal,0.968,No action needed — continue monitoring,10.44,↑ Rising,0,0.4057,16.267,0,0.0,0.163
Greater Accra,2024,7,1,Minimal,0.964,No action needed — continue monitoring,10.35,↑ Rising,0,0.4029,-15.1,0,0.0,0.151
Greater Accra,2024,7,1,Minimal,0.975,No action needed — continue monitoring,10.36,↑ Rising,0,0.4493,3.8,0,0.0,0.038
Northern,2024,7,1,Minimal,0.985,No action needed — continue monitoring,3.78,→ Stable,0,0.4228,0.0,0,0.0,0.0
Northern,2024,7,1,Minimal,0.985,No action needed — continue monitoring,3.75,→ Stable,0,0.4251,0.0,0,0.0,0.0
Northern,2024,7,1,Minimal,0.985,No action needed — continue monitoring,3.76,→ Stable,0,0.4212,0.0,0,0.0,0.0
Northern,2024,7,1,Minimal,0.985,No action needed — continue monitoring,3.69,→ Stable,0,0.4205,0.0,0,0.0,0.0
Northern,2024,7,1,Minimal,0.985,No action needed — continue monitoring,3.69,→ Stable,0,0.419,0.0,0,0.0,0.0
Greater Accra,2024,8,3,Crisis,0.903,Deploy food stocks and vouchers immediately,12.87,↑ Rising,0,0.4359,-28.4,0,1.0,0.384
Greater Accra,2024,8,3,Crisis,0.887,Deploy food stocks and vouchers immediately,12.9,↑ Rising,0,0.4365,-24.533,0,1.0,0.345
Northern,2024,8,3,Crisis,0.99,Deploy food stocks and vouchers immediately,19.28,↑ Rising,0,0.4644,0.0,0,3.0,0.3
Northern,2024,8,3,Crisis,0.99,Deploy food stocks and vouchers immediately,19.36,↑ Rising,0,0.4644,0.0,0,3.0,0.3
Northern,2024,8,3,Crisis,0.99,Deploy food stocks and vouchers immediately,19.54,↑ Rising,0,0.4665,0.0,0,3.0,0.3
Northern,2024,8,3,Crisis,0.989,Deploy food stocks and vouchers immediately,19.57,↑ Rising,0,0.4665,0.0,0,3.0,0.3
Northern,2024,8,3,Crisis,0.99,Deploy food stocks and vouchers immediately,19.58,↑ Rising,0,0.4655,0.0,0,3.0,0.3
Ashanti,2024,8,2,Stressed,0.976,Alert field teams — pre-position supplies,12.86,↑ Rising,0,0.4338,21.167,0,0.0,0.212
Ashanti,2024,8,2,Stressed,0.971,Alert field teams — pre-position supplies,12.72,↑ Rising,0,0.4423,0.1,0,0.0,0.001
Ashanti,2024,8,2,Stressed,0.971,Alert field teams — pre-position supplies,12.73,↑ Rising,0,0.4335,-15.3,0,0.0,0.153
Ashanti,2024,8,2,Stressed,0.826,Alert field teams — pre-position supplies,13.42,↑ Rising,0,0.4441,-29.1,0,0.0,0.291
Bono,2024,8,2,Stressed,0.989,Alert field teams — pre-position supplies,9.67,↑ Rising,0,0.4868,14.167,0,2.0,0.342
Bono,2024,8,2,Stressed,0.988,Alert field teams — pre-position supplies,9.9,↑ Rising,0,0.4809,-17.833,0,2.0,0.378
Bono,2024,8,2,Stressed,0.989,Alert field teams — pre-position supplies,9.75,↑ Rising,0,0.435,-11.6,0,2.0,0.316
Bono,2024,8,2,Stressed,0.938,Alert field teams — pre-position supplies,9.81,↑ Rising,0,0.4356,-28.4,0,2.0,0.484
Bono,2024,8,2,Stressed,0.988,Alert field teams — pre-position supplies,9.68,↑ Rising,0,0.4433,16.367,0,2.0,0.364
Central,2024,8,2,Stressed,0.968,Alert field teams — pre-position supplies,10.55,↑ Rising,0,0.484,1.767,0,0.0,0.018
Central,2024,8,2,Stressed,0.969,Alert field teams — pre-position supplies,10.61,↑ Rising,0,0.4695,10.9,0,0.0,0.109
Central,2024,8,2,Stressed,0.975,Alert field teams — pre-position supplies,10.44,↑ Rising,0,0.4232,-20.2,0,0.0,0.202
Greater Accra,2024,8,2,Stressed,0.974,Alert field teams — pre-position supplies,12.37,↑ Rising,0,0.4438,-13.567,0,1.0,0.236
Greater Accra,2024,8,2,Stressed,0.974,Alert field teams — pre-position supplies,12.81,↑ Rising,0,0.4767,-9.3,0,1.0,0.193
Greater Accra,2024,8,2,Stressed,0.986,Alert field teams — pre-position supplies,12.32,↑ Rising,0,0.4853,19.967,0,1.0,0.3
North East,2024,8,2,Stressed,0.997,Alert field teams — pre-position supplies,0.88,→ Stable,0,0.4029,0.0,0,1.0,0.1
North East,2024,8,2,Stressed,0.997,Alert field teams — pre-position supplies,0.88,→ Stable,0,0.4047,0.0,0,1.0,0.1
North East,2024,8,2,Stressed,0.997,Alert field teams — pre-position supplies,0.81,→ Stable,0,0.4109,0.0,0,1.0,0.1
Oti,2024,8,2,Stressed,0.986,Alert field teams — pre-position supplies,-0.28,→ Stable,0,0.4011,5.6,0,1.0,0.156
Oti,2024,8,2,Stressed,0.988,Alert field teams — pre-position supplies,-0.21,→ Stable,0,0.4046,23.833,0,1.0,0.338
Oti,2024,8,2,Stressed,0.982,Alert field teams — pre-position supplies,-0.41,→ Stable,0,0.4099,-24.5,0,1.0,0.345
Savannah,2024,8,2,Stressed,0.995,Alert field teams — pre-position supplies,0.65,→ Stable,0,0.4177,0.0,0,5.0,0.5
Savannah,2024,8,2,Stressed,0.995,Alert field teams — pre-position supplies,0.93,→ Stable,0,0.4193,0.0,0,5.0,0.5
Savannah,2024,8,2,Stressed,0.995,Alert field teams — pre-position supplies,0.91,→ Stable,0,0.4188,0.0,0,5.0,0.5
Upper East,2024,8,2,Stressed,0.991,Alert field teams — pre-position supplies,-0.21,→ Stable,0,0.4252,0.0,0,4.0,0.4
Upper East,2024,8,2,Stressed,0.991,Alert field teams — pre-position supplies,-0.04,→ Stable,0,0.4227,0.0,0,4.0,0.4
Upper East,2024,8,2,Stressed,0.991,Alert field teams — pre-position supplies,0.08,→ Stable,0,0.4332,0.0,0,4.0,0.4
Upper East,2024,8,2,Stressed,0.991,Alert field teams — pre-position supplies,-0.07,→ Stable,0,0.4244,0.0,0,4.0,0.4
Upper West,2024,8,2,Stressed,0.991,Alert field teams — pre-position supplies,6.39,↑ Rising,0,0.4347,0.0,0,1.0,0.1
Upper West,2024,8,2,Stressed,0.991,Alert field teams — pre-position supplies,6.48,↑ Rising,0,0.4308,0.0,0,1.0,0.1
Upper West,2024,8,2,Stressed,0.991,Alert field teams — pre-position supplies,6.44,↑ Rising,0,0.4377,0.0,0,1.0,0.1
Upper West,2024,8,2,Stressed,0.991,Alert field teams — pre-position supplies,6.37,↑ Rising,0,0.4348,0.0,0,1.0,0.1
Volta,2024,8,2,Stressed,0.977,Alert field teams — pre-position supplies,5.02,↑ Rising,0,0.4167,-20.467,0,1.0,0.305
Western,2024,8,2,Stressed,0.979,Alert field teams — pre-position supplies,-0.45,→ Stable,0,0.4329,-26.633,0,3.0,0.566
Western,2024,8,2,Stressed,0.98,Alert field teams — pre-position supplies,-0.57,→ Stable,0,0.4163,-21.567,0,3.0,0.516
Ahafo,2024,8,1,Minimal,0.991,No action needed — continue monitoring,-0.78,→ Stable,0,0.4196,-21.033,0,0.0,0.21
Ahafo,2024,8,1,Minimal,0.997,No action needed — continue monitoring,-0.59,→ Stable,0,0.4185,-20.233,0,0.0,0.202
Bono East,2024,8,1,Minimal,0.999,No action needed — continue monitoring,-0.57,→ Stable,0,0.4617,12.733,0,0.0,0.127
Bono East,2024,8,1,Minimal,0.999,No action needed — continue monitoring,-0.61,→ Stable,0,0.421,12.667,0,0.0,0.127
Eastern,2024,8,1,Minimal,0.999,No action needed — continue monitoring,-1.02,→ Stable,0,0.4725,-7.933,0,0.0,0.079
Eastern,2024,8,1,Minimal,0.999,No action needed — continue monitoring,-1.35,→ Stable,0,0.4246,-4.767,0,0.0,0.048
Eastern,2024,8,1,Minimal,0.961,No action needed — continue monitoring,-1.19,→ Stable,0,0.4869,-37.7,0,0.0,0.377
Volta,2024,8,1,Minimal,0.996,No action needed — continue monitoring,4.91,→ Stable,0,0.4719,12.867,0,1.0,0.229
Volta,2024,8,1,Minimal,0.996,No action needed — continue monitoring,5.01,↑ Rising,0,0.4437,19.733,0,1.0,0.297
Volta,2024,8,1,Minimal,0.996,No action needed — continue monitoring,5.05,↑ Rising,0,0.4196,-3.633,0,1.0,0.136
Western,2024,8,1,Minimal,0.995,No action needed — continue monitoring,-0.64,→ Stable,0,0.4139,-2.033,0,3.0,0.32
Western,2024,9,3,Crisis,0.973,Deploy food stocks and vouchers immediately,5.93,↑ Rising,0,0.461,-41.633,0,1.0,0.516
Ahafo,2024,9,2,Stressed,0.916,Alert field teams — pre-position supplies,-1.02,→ Stable,0,0.4862,-44.833,0,0.0,0.448
Central,2024,9,2,Stressed,0.988,Alert field teams — pre-position supplies,2.49,→ Stable,0,0.4452,15.267,0,4.0,0.553
Central,2024,9,2,Stressed,0.989,Alert field teams — pre-position supplies,2.16,→ Stable,0,0.4868,11.967,0,4.0,0.52
Central,2024,9,2,Stressed,0.986,Alert field teams — pre-position supplies,2.02,→ Stable,0,0.4339,2.633,0,4.0,0.426
North East,2024,9,2,Stressed,0.998,Alert field teams — pre-position supplies,-1.26,→ Stable,0,0.4052,0.0,0,2.0,0.2
North East,2024,9,2,Stressed,0.998,Alert field teams — pre-position supplies,-1.29,→ Stable,0,0.4062,0.0,0,2.0,0.2
North East,2024,9,2,Stressed,0.998,Alert field teams — pre-position supplies,-1.36,→ Stable,0,0.4115,0.0,0,2.0,0.2
Northern,2024,9,2,Stressed,0.994,Alert field teams — pre-position supplies,-11.12,↓ Falling,0,0.4417,0.0,0,1.0,0.1
Northern,2024,9,2,Stressed,0.994,Alert field teams — pre-position supplies,-11.23,↓ Falling,0,0.4388,0.0,0,1.0,0.1
Northern,2024,9,2,Stressed,0.994,Alert field teams — pre-position supplies,-11.17,↓ Falling,0,0.4391,0.0,0,1.0,0.1
Northern,2024,9,2,Stressed,0.994,Alert field teams — pre-position supplies,-10.96,↓ Falling,0,0.4404,0.0,0,1.0,0.1
Northern,2024,9,2,Stressed,0.994,Alert field teams — pre-position supplies,-11.19,↓ Falling,0,0.4342,0.0,0,1.0,0.1
Oti,2024,9,2,Stressed,0.993,Alert field teams — pre-position supplies,-0.59,→ Stable,0,0.4017,-0.0,0,3.0,0.3
Oti,2024,9,2,Stressed,0.993,Alert field teams — pre-position supplies,-0.7,→ Stable,0,0.3991,-1.367,0,3.0,0.314
Oti,2024,9,2,Stressed,0.993,Alert field teams — pre-position supplies,-0.88,→ Stable,0,0.4189,5.5,0,3.0,0.355
Savannah,2024,9,2,Stressed,0.998,Alert field teams — pre-position supplies,-0.96,→ Stable,0,0.4169,0.0,0,3.0,0.3
Savannah,2024,9,2,Stressed,0.998,Alert field teams — pre-position supplies,-0.83,→ Stable,0,0.4154,0.0,0,3.0,0.3
Savannah,2024,9,2,Stressed,0.998,Alert field teams — pre-position supplies,-0.97,→ Stable,0,0.4126,0.0,0,3.0,0.3
Upper East,2024,9,2,Stressed,0.996,Alert field teams — pre-position supplies,-6.55,↓ Falling,0,0.4419,0.0,0,3.0,0.3
Upper East,2024,9,2,Stressed,0.996,Alert field teams — pre-position supplies,-6.7,↓ Falling,0,0.4391,0.0,0,3.0,0.3
Upper East,2024,9,2,Stressed,0.996,Alert field teams — pre-position supplies,-6.64,↓ Falling,0,0.4475,0.0,0,3.0,0.3
Upper East,2024,9,2,Stressed,0.996,Alert field teams — pre-position supplies,-6.51,↓ Falling,0,0.4409,0.0,0,3.0,0.3
Western,2024,9,2,Stressed,0.985,Alert field teams — pre-position supplies,5.51,↑ Rising,0,0.4365,21.7,0,1.0,0.317
Western,2024,9,2,Stressed,0.982,Alert field teams — pre-position supplies,5.56,↑ Rising,0,0.4092,3.133,0,1.0,0.131
Ahafo,2024,9,1,Minimal,0.999,No action needed — continue monitoring,-0.99,→ Stable,0,0.4005,-8.633,0,0.0,0.086
Ashanti,2024,9,1,Minimal,0.999,No action needed — continue monitoring,-8.26,↓ Falling,0,0.4279,-15.667,0,0.0,0.157
Ashanti,2024,9,1,Minimal,0.999,No action needed — continue monitoring,-8.51,↓ Falling,0,0.4254,-15.867,0,0.0,0.159
Ashanti,2024,9,1,Minimal,0.999,No action needed — continue monitoring,-8.7,↓ Falling,0,0.4378,2.833,0,0.0,0.028
Ashanti,2024,9,1,Minimal,0.999,No action needed — continue monitoring,-8.54,↓ Falling,0,0.4368,-3.033,0,0.0,0.03
Bono,2024,9,1,Minimal,0.997,No action needed — continue monitoring,-7.71,↓ Falling,0,0.4661,-8.333,0,1.0,0.183
Bono,2024,9,1,Minimal,0.997,No action needed — continue monitoring,-7.83,↓ Falling,0,0.4613,14.867,0,1.0,0.249
Bono,2024,9,1,Minimal,0.997,No action needed — continue monitoring,-7.96,↓ Falling,0,0.4092,13.767,0,1.0,0.238
Bono,2024,9,1,Minimal,0.997,No action needed — continue monitoring,-8.02,↓ Falling,0,0.4105,-4.267,0,1.0,0.143
Bono,2024,9,1,Minimal,0.995,No action needed — continue monitoring,-7.9,↓ Falling,0,0.4293,31.7,0,1.0,0.417
Bono East,2024,9,1,Minimal,0.999,No action needed — continue monitoring,-0.76,→ Stable,0,0.4111,24.9,0,0.0,0.249
Bono East,2024,9,1,Minimal,0.999,No action needed — continue monitoring,-0.96,→ Stable,0,0.4039,-17.167,0,0.0,0.172
Eastern,2024,9,1,Minimal,0.953,No action needed — continue monitoring,5.15,↑ Rising,0,0.4787,25.167,0,0.0,0.252
Eastern,2024,9,1,Minimal,0.981,No action needed — continue monitoring,4.61,→ Stable,0,0.4202,1.6,0,0.0,0.016
Eastern,2024,9,1,Minimal,0.952,No action needed — continue monitoring,5.27,↑ Rising,0,0.4993,24.633,0,0.0,0.246
Greater Accra,2024,9,1,Minimal,0.985,No action needed — continue monitoring,-9.77,↓ Falling,0,0.4354,-24.0,0,0.0,0.24
Greater Accra,2024,9,1,Minimal,0.999,No action needed — continue monitoring,-9.62,↓ Falling,0,0.4247,0.967,0,0.0,0.01
Greater Accra,2024,9,1,Minimal,0.999,No action needed — continue monitoring,-9.72,↓ Falling,0,0.4812,-14.733,0,0.0,0.147
Greater Accra,2024,9,1,Minimal,0.97,No action needed — continue monitoring,-9.32,↓ Falling,0,0.4829,-32.133,0,0.0,0.321
Greater Accra,2024,9,1,Minimal,0.999,No action needed — continue monitoring,-9.54,↓ Falling,0,0.4472,37.7,0,0.0,0.377
Upper West,2024,9,1,Minimal,0.989,No action needed — continue monitoring,-3.21,→ Stable,0,0.4344,0.0,0,0.0,0.0
Upper West,2024,9,1,Minimal,0.989,No action needed — continue monitoring,-3.13,→ Stable,0,0.4319,0.0,0,0.0,0.0
Upper West,2024,9,1,Minimal,0.989,No action needed — continue monitoring,-3.28,→ Stable,0,0.4423,0.0,0,0.0,0.0
Upper West,2024,9,1,Minimal,0.989,No action needed — continue monitoring,-3.06,→ Stable,0,0.4373,0.0,0,0.0,0.0
Volta,2024,9,1,Minimal,0.999,No action needed — continue monitoring,-5.28,↓ Falling,0,0.4939,27.8,0,0.0,0.278
Volta,2024,9,1,Minimal,0.999,No action needed — continue monitoring,-5.38,↓ Falling,0,0.417,10.967,0,0.0,0.11
Volta,2024,9,1,Minimal,0.999,No action needed — continue monitoring,-4.98,→ Stable,0,0.442,-1.9,0,0.0,0.019
Volta,2024,9,1,Minimal,0.999,No action needed — continue monitoring,-5.38,↓ Falling,0,0.426,14.433,0,0.0,0.144
Northern,2024,10,3,Crisis,0.967,Deploy food stocks and vouchers immediately,0.96,→ Stable,1,0.5356,65.5,1,3.0,2.955
Savannah,2024,10,3,Crisis,0.971,Deploy food stocks and vouchers immediately,-0.89,→ Stable,0,0.4731,-46.733,0,1.0,0.567
Upper West,2024,10,3,Crisis,0.977,Deploy food stocks and vouchers immediately,-0.75,→ Stable,0,0.4544,-44.367,0,1.0,0.544
Greater Accra,2024,10,2,Stressed,0.516,Alert field teams — pre-position supplies,-7.84,↓ Falling,0,0.4766,-19.967,0,3.0,0.5
North East,2024,10,2,Stressed,0.996,Alert field teams — pre-position supplies,-0.81,→ Stable,0,0.4078,16.533,0,3.0,0.465
North East,2024,10,2,Stressed,0.988,Alert field teams — pre-position supplies,-0.5,→ Stable,0,0.4274,45.033,0,3.0,0.75
North East,2024,10,2,Stressed,0.997,Alert field teams — pre-position supplies,-0.75,→ Stable,0,0.4037,-1.5,0,3.0,0.315
Northern,2024,10,2,Stressed,0.993,Alert field teams — pre-position supplies,0.39,→ Stable,0,0.424,-3.267,0,3.0,0.333
Northern,2024,10,2,Stressed,0.993,Alert field teams — pre-position supplies,0.34,→ Stable,0,0.4324,14.5,0,3.0,0.445
Northern,2024,10,2,Stressed,0.939,Alert field teams — pre-position supplies,-0.2,→ Stable,0,0.4337,-24.533,0,3.0,0.545
Northern,2024,10,2,Stressed,0.93,Alert field teams — pre-position supplies,0.14,→ Stable,0,0.432,-28.2,0,3.0,0.582
Oti,2024,10,2,Stressed,0.989,Alert field teams — pre-position supplies,-1.26,→ Stable,0,0.4758,8.0,0,1.0,0.18
Oti,2024,10,2,Stressed,0.989,Alert field teams — pre-position supplies,-1.49,→ Stable,0,0.4721,9.633,0,1.0,0.196
Oti,2024,10,2,Stressed,0.989,Alert field teams — pre-position supplies,-1.25,→ Stable,0,0.4749,5.3,0,1.0,0.153
Savannah,2024,10,2,Stressed,0.977,Alert field teams — pre-position supplies,-0.71,→ Stable,0,0.4164,-26.167,0,1.0,0.362
Savannah,2024,10,2,Stressed,0.995,Alert field teams — pre-position supplies,-0.52,→ Stable,0,0.4049,-2.5,0,1.0,0.125
Upper East,2024,10,2,Stressed,0.994,Alert field teams — pre-position supplies,0.82,→ Stable,0,0.4374,-16.333,0,4.0,0.563
Upper East,2024,10,2,Stressed,0.919,Alert field teams — pre-position supplies,1.18,→ Stable,0,0.4536,34.833,0,4.0,0.748
Upper East,2024,10,2,Stressed,0.926,Alert field teams — pre-position supplies,1.17,→ Stable,0,0.4558,34.133,0,4.0,0.741
Upper East,2024,10,2,Stressed,0.994,Alert field teams — pre-position supplies,0.86,→ Stable,0,0.4384,15.233,0,4.0,0.552
Upper West,2024,10,2,Stressed,0.954,Alert field teams — pre-position supplies,-1.28,→ Stable,0,0.4149,-34.8,0,1.0,0.448
Upper West,2024,10,2,Stressed,0.989,Alert field teams — pre-position supplies,-0.7,→ Stable,0,0.3951,-0.167,0,1.0,0.102
Upper West,2024,10,2,Stressed,0.99,Alert field teams — pre-position supplies,-0.66,→ Stable,0,0.4204,37.767,0,1.0,0.478
Volta,2024,10,2,Stressed,0.961,Alert field teams — pre-position supplies,-3.37,→ Stable,0,0.4835,-35.967,0,3.0,0.66
Ahafo,2024,10,1,Minimal,0.999,No action needed — continue monitoring,-1.75,→ Stable,0,0.5231,3.533,0,0.0,0.035
Ahafo,2024,10,1,Minimal,0.991,No action needed — continue monitoring,-1.72,→ Stable,0,0.4731,-24.4,0,0.0,0.244
Ashanti,2024,10,1,Minimal,0.997,No action needed — continue monitoring,-6.24,↓ Falling,0,0.4747,0.833,0,2.0,0.208
Ashanti,2024,10,1,Minimal,0.996,No action needed — continue monitoring,-6.33,↓ Falling,0,0.4731,6.8,0,2.0,0.268
Ashanti,2024,10,1,Minimal,0.997,No action needed — continue monitoring,-6.31,↓ Falling,0,0.4723,1.8,0,2.0,0.218
Ashanti,2024,10,1,Minimal,0.9,No action needed — continue monitoring,-6.31,↓ Falling,0,0.482,-19.933,0,2.0,0.399
Bono,2024,10,1,Minimal,0.999,No action needed — continue monitoring,-0.32,→ Stable,0,0.5237,0.067,0,0.0,0.001
Bono,2024,10,1,Minimal,0.999,No action needed — continue monitoring,-0.52,→ Stable,1,0.5432,28.1,0,0.0,0.281
Bono,2024,10,1,Minimal,0.999,No action needed — continue monitoring,-0.39,→ Stable,0,0.4705,0.167,0,0.0,0.002
Bono,2024,10,1,Minimal,0.999,No action needed — continue monitoring,-0.37,→ Stable,0,0.4683,-0.833,0,0.0,0.008
Bono,2024,10,1,Minimal,0.999,No action needed — continue monitoring,-0.36,→ Stable,0,0.4874,9.2,0,0.0,0.092
Bono East,2024,10,1,Minimal,0.999,No action needed — continue monitoring,-1.6,→ Stable,0,0.4868,11.367,0,0.0,0.114
Bono East,2024,10,1,Minimal,0.999,No action needed — continue monitoring,-1.72,→ Stable,0,0.4796,-6.733,0,0.0,0.067
Central,2024,10,1,Minimal,0.999,No action needed — continue monitoring,-8.02,↓ Falling,0,0.4964,11.633,0,0.0,0.116
Central,2024,10,1,Minimal,0.999,No action needed — continue monitoring,-7.78,↓ Falling,0,0.4788,-0.167,0,0.0,0.002
Central,2024,10,1,Minimal,0.987,No action needed — continue monitoring,-8.04,↓ Falling,0,0.4774,-21.367,0,0.0,0.214
Eastern,2024,10,1,Minimal,0.996,No action needed — continue monitoring,-6.39,↓ Falling,0,0.5214,18.4,0,2.0,0.384
Eastern,2024,10,1,Minimal,0.997,No action needed — continue monitoring,-6.07,↓ Falling,0,0.4523,-5.3,0,2.0,0.253
Eastern,2024,10,1,Minimal,0.997,No action needed — continue monitoring,-6.38,↓ Falling,0,0.5168,4.9,0,2.0,0.249
Greater Accra,2024,10,1,Minimal,0.992,No action needed — continue monitoring,-7.66,↓ Falling,0,0.4869,15.333,0,3.0,0.453
Greater Accra,2024,10,1,Minimal,0.991,No action needed — continue monitoring,-7.63,↓ Falling,0,0.5075,24.167,0,3.0,0.542
Greater Accra,2024,10,1,Minimal,0.993,No action needed — continue monitoring,-7.67,↓ Falling,0,0.4917,19.6,0,3.0,0.496
Greater Accra,2024,10,1,Minimal,0.996,No action needed — continue monitoring,-7.57,↓ Falling,0,0.4963,3.733,0,3.0,0.337
Volta,2024,10,1,Minimal,0.991,No action needed — continue monitoring,-3.63,→ Stable,0,0.5101,26.6,0,3.0,0.566
Volta,2024,10,1,Minimal,0.983,No action needed — continue monitoring,-3.53,→ Stable,0,0.4773,-11.433,0,3.0,0.414
Volta,2024,10,1,Minimal,0.993,No action needed — continue monitoring,-3.63,→ Stable,0,0.5077,20.8,0,3.0,0.508
Western,2024,10,1,Minimal,0.999,No action needed — continue monitoring,-4.99,→ Stable,0,0.5031,4.233,0,0.0,0.042
Western,2024,10,1,Minimal,0.999,No action needed — continue monitoring,-5.0,→ Stable,0,0.4863,3.6,0,0.0,0.036
Western,2024,10,1,Minimal,0.999,No action needed — continue monitoring,-4.89,→ Stable,0,0.4732,15.533,0,0.0,0.155
Central,2024,11,2,Stressed,0.977,Alert field teams — pre-position supplies,-6.35,↓ Falling,0,0.4551,-28.433,0,1.0,0.384
Eastern,2024,11,2,Stressed,0.973,Alert field teams — pre-position supplies,-2.58,→ Stable,0,0.44,-22.7,0,1.0,0.327
North East,2024,11,2,Stressed,0.906,Alert field teams — pre-position supplies,-1.32,→ Stable,0,0.4814,12.433,0,6.0,0.724
North East,2024,11,2,Stressed,0.986,Alert field teams — pre-position supplies,-1.19,→ Stable,0,0.48,1.833,0,6.0,0.618
North East,2024,11,2,Stressed,0.98,Alert field teams — pre-position supplies,-1.35,→ Stable,0,0.4767,-7.267,0,6.0,0.673
Northern,2024,11,2,Stressed,0.992,Alert field teams — pre-position supplies,-1.83,→ Stable,0,0.4522,-4.967,0,3.0,0.35
Northern,2024,11,2,Stressed,0.992,Alert field teams — pre-position supplies,-1.84,→ Stable,0,0.4565,3.9,0,3.0,0.339
Northern,2024,11,2,Stressed,0.991,Alert field teams — pre-position supplies,-1.92,→ Stable,0,0.4659,12.8,0,3.0,0.428
Northern,2024,11,2,Stressed,0.992,Alert field teams — pre-position supplies,-1.85,→ Stable,0,0.503,1.033,0,3.0,0.31
Northern,2024,11,2,Stressed,0.992,Alert field teams — pre-position supplies,-1.82,→ Stable,0,0.4586,1.233,0,3.0,0.312
Oti,2024,11,2,Stressed,0.992,Alert field teams — pre-position supplies,-1.39,→ Stable,0,0.4422,-17.7,0,2.0,0.377
Oti,2024,11,2,Stressed,0.992,Alert field teams — pre-position supplies,-1.24,→ Stable,0,0.4347,0.733,0,2.0,0.207
Oti,2024,11,2,Stressed,0.992,Alert field teams — pre-position supplies,-1.35,→ Stable,0,0.442,-15.7,0,2.0,0.357
Savannah,2024,11,2,Stressed,0.996,Alert field teams — pre-position supplies,-1.13,→ Stable,0,0.5065,2.3,0,5.0,0.523
Savannah,2024,11,2,Stressed,0.987,Alert field teams — pre-position supplies,-1.35,→ Stable,0,0.4678,-13.367,0,5.0,0.634
Savannah,2024,11,2,Stressed,0.986,Alert field teams — pre-position supplies,-1.27,→ Stable,0,0.4743,19.267,0,5.0,0.693
Upper East,2024,11,2,Stressed,0.994,Alert field teams — pre-position supplies,-0.12,→ Stable,0,0.4887,1.933,0,5.0,0.519
Upper East,2024,11,2,Stressed,0.982,Alert field teams — pre-position supplies,-0.02,→ Stable,0,0.4871,-11.533,0,5.0,0.615
Upper East,2024,11,2,Stressed,0.993,Alert field teams — pre-position supplies,-0.0,→ Stable,0,0.4891,-0.567,0,5.0,0.506
Upper East,2024,11,2,Stressed,0.994,Alert field teams — pre-position supplies,-0.07,→ Stable,0,0.4807,1.267,0,5.0,0.513
Upper West,2024,11,2,Stressed,0.995,Alert field teams — pre-position supplies,-3.52,→ Stable,0,0.4689,6.6,0,5.0,0.566
Upper West,2024,11,2,Stressed,0.994,Alert field teams — pre-position supplies,-3.45,→ Stable,0,0.4667,8.967,0,5.0,0.59
Upper West,2024,11,2,Stressed,0.987,Alert field teams — pre-position supplies,-3.96,→ Stable,0,0.5129,14.2,0,5.0,0.642
Upper West,2024,11,2,Stressed,0.994,Alert field teams — pre-position supplies,-3.29,→ Stable,0,0.4725,-0.633,0,5.0,0.506
Ahafo,2024,11,1,Minimal,0.999,No action needed — continue monitoring,-1.84,→ Stable,0,0.5045,-12.833,0,0.0,0.128
Ahafo,2024,11,1,Minimal,0.999,No action needed — continue monitoring,-1.51,→ Stable,0,0.4644,17.367,0,0.0,0.174
Ashanti,2024,11,1,Minimal,0.999,No action needed — continue monitoring,-2.05,→ Stable,0,0.4557,18.767,0,0.0,0.188
Ashanti,2024,11,1,Minimal,0.999,No action needed — continue monitoring,-1.82,→ Stable,0,0.4473,8.567,0,0.0,0.086
Ashanti,2024,11,1,Minimal,0.999,No action needed — continue monitoring,-1.97,→ Stable,0,0.4492,1.667,0,0.0,0.017
Ashanti,2024,11,1,Minimal,0.999,No action needed — continue monitoring,-2.04,→ Stable,0,0.4565,11.267,0,0.0,0.113
Bono,2024,11,1,Minimal,0.999,No action needed — continue monitoring,-6.04,↓ Falling,0,0.4434,1.067,0,0.0,0.011
Bono,2024,11,1,Minimal,0.999,No action needed — continue monitoring,-5.82,↓ Falling,0,0.4768,34.267,0,0.0,0.343
Bono,2024,11,1,Minimal,0.999,No action needed — continue monitoring,-6.38,↓ Falling,0,0.442,9.567,0,0.0,0.096
Bono,2024,11,1,Minimal,0.999,No action needed — continue monitoring,-6.13,↓ Falling,0,0.4454,0.367,0,0.0,0.004
Bono,2024,11,1,Minimal,0.999,No action needed — continue monitoring,-5.92,↓ Falling,0,0.46,-1.133,0,0.0,0.011
Bono East,2024,11,1,Minimal,0.99,No action needed — continue monitoring,-1.69,→ Stable,0,0.4607,-29.033,0,0.0,0.29
Bono East,2024,11,1,Minimal,0.999,No action needed — continue monitoring,-1.51,→ Stable,0,0.4561,7.833,0,0.0,0.078
Central,2024,11,1,Minimal,0.997,No action needed — continue monitoring,-6.35,↓ Falling,0,0.4598,16.867,0,1.0,0.269
Central,2024,11,1,Minimal,0.997,No action needed — continue monitoring,-6.58,↓ Falling,0,0.45,-5.767,0,1.0,0.158
Eastern,2024,11,1,Minimal,0.997,No action needed — continue monitoring,-2.28,→ Stable,0,0.4284,-3.467,0,1.0,0.135
Eastern,2024,11,1,Minimal,0.995,No action needed — continue monitoring,-2.62,→ Stable,0,0.4797,34.5,0,1.0,0.445
Greater Accra,2024,11,1,Minimal,0.997,No action needed — continue monitoring,0.36,→ Stable,0,0.4371,8.933,0,1.0,0.189
Greater Accra,2024,11,1,Minimal,0.996,No action needed — continue monitoring,-0.18,→ Stable,0,0.4361,-10.467,0,1.0,0.205
Greater Accra,2024,11,1,Minimal,0.997,No action needed — continue monitoring,0.54,→ Stable,0,0.4332,3.2,0,1.0,0.132
Greater Accra,2024,11,1,Minimal,0.996,No action needed — continue monitoring,0.47,→ Stable,0,0.4477,14.667,0,1.0,0.247
Greater Accra,2024,11,1,Minimal,0.996,No action needed — continue monitoring,-0.38,→ Stable,0,0.442,-17.733,0,1.0,0.277
Volta,2024,11,1,Minimal,0.999,No action needed — continue monitoring,-2.08,→ Stable,0,0.4581,-10.733,0,0.0,0.107
Volta,2024,11,1,Minimal,0.999,No action needed — continue monitoring,-2.41,→ Stable,0,0.4594,6.767,0,0.0,0.068
Volta,2024,11,1,Minimal,0.987,No action needed — continue monitoring,-2.1,→ Stable,0,0.4768,-22.8,0,0.0,0.228
Volta,2024,11,1,Minimal,0.999,No action needed — continue monitoring,-2.35,→ Stable,0,0.4685,-0.9,0,0.0,0.009
Western,2024,11,1,Minimal,0.999,No action needed — continue monitoring,-7.17,↓ Falling,0,0.4802,-16.233,0,0.0,0.162
Western,2024,11,1,Minimal,0.999,No action needed — continue monitoring,-7.41,↓ Falling,0,0.4515,-10.5,0,0.0,0.105
Western,2024,11,1,Minimal,0.999,No action needed — continue monitoring,-6.83,↓ Falling,0,0.4501,-0.533,0,0.0,0.005
Ashanti,2024,12,3,Crisis,0.984,Deploy food stocks and vouchers immediately,16.39,↑ Rising,0,0.4792,-36.867,0,2.0,1.569
Ashanti,2024,12,3,Crisis,0.983,Deploy food stocks and vouchers immediately,16.35,↑ Rising,0,0.4793,13.833,0,2.0,1.338
Ashanti,2024,12,3,Crisis,0.983,Deploy food stocks and vouchers immediately,16.27,↑ Rising,0,0.4635,-9.567,0,2.0,1.296
Ashanti,2024,12,3,Crisis,0.984,Deploy food stocks and vouchers immediately,16.21,↑ Rising,0,0.4689,11.967,0,2.0,1.32
Bono,2024,12,3,Crisis,0.987,Deploy food stocks and vouchers immediately,22.51,↑ Rising,0,0.508,8.967,0,1.0,1.19
Bono,2024,12,3,Crisis,0.978,Deploy food stocks and vouchers immediately,22.54,↑ Rising,0,0.5277,0.3,0,1.0,1.103
Bono,2024,12,3,Crisis,0.995,Deploy food stocks and vouchers immediately,22.64,↑ Rising,0,0.5046,-34.9,0,1.0,1.449
Bono,2024,12,3,Crisis,0.979,Deploy food stocks and vouchers immediately,22.47,↑ Rising,0,0.5021,3.0,0,1.0,1.13
Bono,2024,12,3,Crisis,0.989,Deploy food stocks and vouchers immediately,22.7,↑ Rising,0,0.5264,11.7,0,1.0,1.217
Central,2024,12,3,Crisis,0.931,Deploy food stocks and vouchers immediately,13.79,↑ Rising,0,0.4565,-22.0,0,2.0,1.42
Eastern,2024,12,3,Crisis,0.854,Deploy food stocks and vouchers immediately,23.45,↑ Rising,0,0.4978,-24.7,0,0.0,1.247
Greater Accra,2024,12,3,Crisis,0.969,Deploy food stocks and vouchers immediately,15.21,↑ Rising,0,0.4482,-8.433,0,1.0,1.184
Greater Accra,2024,12,3,Crisis,0.95,Deploy food stocks and vouchers immediately,14.82,↑ Rising,0,0.4417,0.467,0,1.0,1.105
Greater Accra,2024,12,3,Crisis,0.975,Deploy food stocks and vouchers immediately,15.13,↑ Rising,0,0.456,13.233,0,1.0,1.232
Greater Accra,2024,12,3,Crisis,0.976,Deploy food stocks and vouchers immediately,14.92,↑ Rising,0,0.5018,38.533,0,1.0,1.485
Greater Accra,2024,12,3,Crisis,0.977,Deploy food stocks and vouchers immediately,15.09,↑ Rising,0,0.4529,9.433,0,1.0,1.194
North East,2024,12,3,Crisis,0.93,Deploy food stocks and vouchers immediately,1.23,→ Stable,0,0.5205,-28.133,0,1.0,1.381
Oti,2024,12,3,Crisis,0.937,Deploy food stocks and vouchers immediately,1.51,→ Stable,0,0.4487,-20.8,0,3.0,1.508
Upper East,2024,12,3,Crisis,0.995,Deploy food stocks and vouchers immediately,5.38,↑ Rising,1,0.5641,-12.633,0,7.0,1.826
Upper East,2024,12,3,Crisis,0.993,Deploy food stocks and vouchers immediately,5.77,↑ Rising,1,0.5843,16.333,0,7.0,1.863
Upper East,2024,12,3,Crisis,0.988,Deploy food stocks and vouchers immediately,5.64,↑ Rising,1,0.5982,24.7,0,7.0,1.947
Upper East,2024,12,3,Crisis,0.997,Deploy food stocks and vouchers immediately,5.01,↑ Rising,1,0.564,3.633,0,7.0,1.736
Upper West,2024,12,3,Crisis,0.926,Deploy food stocks and vouchers immediately,8.79,↑ Rising,0,0.5185,-12.267,0,2.0,1.323
Upper West,2024,12,3,Crisis,0.905,Deploy food stocks and vouchers immediately,8.89,↑ Rising,0,0.5105,-7.467,0,2.0,1.275
Upper West,2024,12,3,Crisis,0.913,Deploy food stocks and vouchers immediately,8.73,↑ Rising,1,0.5615,-8.867,0,2.0,1.289
Upper West,2024,12,3,Crisis,0.926,Deploy food stocks and vouchers immediately,9.02,↑ Rising,0,0.5214,-14.567,0,2.0,1.346
Western,2024,12,3,Crisis,0.992,Deploy food stocks and vouchers immediately,15.54,↑ Rising,0,0.5188,-20.8,0,2.0,1.408
Western,2024,12,3,Crisis,0.992,Deploy food stocks and vouchers immediately,15.56,↑ Rising,0,0.4692,-24.433,0,2.0,1.444
Western,2024,12,3,Crisis,0.98,Deploy food stocks and vouchers immediately,15.3,↑ Rising,0,0.476,6.4,0,2.0,1.264
Central,2024,12,2,Stressed,0.944,Alert field teams — pre-position supplies,14.0,↑ Rising,0,0.4614,0.3,0,2.0,1.203
Central,2024,12,2,Stressed,0.927,Alert field teams — pre-position supplies,13.99,↑ Rising,0,0.4681,12.933,0,2.0,1.329
Eastern,2024,12,2,Stressed,0.602,Alert field teams — pre-position supplies,23.87,↑ Rising,1,0.5425,38.8,0,0.0,1.388
Eastern,2024,12,2,Stressed,0.92,Alert field teams — pre-position supplies,23.56,↑ Rising,0,0.5191,8.133,0,0.0,1.081
North East,2024,12,2,Stressed,0.989,Alert field teams — pre-position supplies,1.18,→ Stable,0,0.5172,-10.0,0,1.0,1.2
North East,2024,12,2,Stressed,0.99,Alert field teams — pre-position supplies,0.88,→ Stable,0,0.5318,5.2,0,1.0,1.152
Northern,2024,12,2,Stressed,0.829,Alert field teams — pre-position supplies,7.68,↑ Rising,0,0.5092,-5.033,0,0.0,1.05
Northern,2024,12,2,Stressed,0.832,Alert field teams — pre-position supplies,7.51,↑ Rising,0,0.5245,8.8,0,0.0,1.088
Northern,2024,12,2,Stressed,0.827,Alert field teams — pre-position supplies,7.32,↑ Rising,0,0.5218,3.067,0,0.0,1.031
Northern,2024,12,2,Stressed,0.836,Alert field teams — pre-position supplies,7.55,↑ Rising,1,0.5549,7.1,0,0.0,1.071
Northern,2024,12,2,Stressed,0.827,Alert field teams — pre-position supplies,7.21,↑ Rising,0,0.5147,1.6,0,0.0,1.016
Oti,2024,12,2,Stressed,0.913,Alert field teams — pre-position supplies,2.06,→ Stable,0,0.5102,48.567,0,3.0,1.786
Oti,2024,12,2,Stressed,0.987,Alert field teams — pre-position supplies,1.67,→ Stable,0,0.442,-5.5,0,3.0,1.355
Savannah,2024,12,2,Stressed,0.961,Alert field teams — pre-position supplies,1.36,→ Stable,1,0.5818,27.1,0,2.0,1.471
Savannah,2024,12,2,Stressed,0.961,Alert field teams — pre-position supplies,1.32,→ Stable,1,0.5377,21.267,0,2.0,1.413
Savannah,2024,12,2,Stressed,0.989,Alert field teams — pre-position supplies,1.05,→ Stable,0,0.502,4.467,0,2.0,1.245
Volta,2024,12,2,Stressed,0.753,Alert field teams — pre-position supplies,24.79,↑ Rising,0,0.5031,-17.667,0,0.0,1.177
Volta,2024,12,2,Stressed,0.928,Alert field teams — pre-position supplies,24.49,↑ Rising,0,0.4981,7.467,0,0.0,1.075
Volta,2024,12,2,Stressed,0.789,Alert field teams — pre-position supplies,24.88,↑ Rising,0,0.5267,-19.1,0,0.0,1.191
Volta,2024,12,2,Stressed,0.926,Alert field teams — pre-position supplies,24.66,↑ Rising,0,0.5022,-7.067,0,0.0,1.071
Ahafo,2024,12,1,Minimal,0.996,No action needed — continue monitoring,1.51,→ Stable,0,0.4953,1.933,0,0.0,1.019
Ahafo,2024,12,1,Minimal,0.989,No action needed — continue monitoring,1.76,→ Stable,0,0.4728,20.967,0,0.0,1.21
Bono East,2024,12,1,Minimal,0.99,No action needed — continue monitoring,1.56,→ Stable,0,0.4715,-18.1,0,0.0,1.181
Bono East,2024,12,1,Minimal,0.993,No action needed — continue monitoring,1.82,→ Stable,0,0.4586,15.033,0,0.0,1.15
